entry-number,entry-timestamp,local-authority-eng,local-authority-type,local-authority-type-name,official-name,alt-name-1,alt-name-2,alt-name-3,start-date,gss-code,old-ons-la-code,ualad99
356,2016-11-01T14:16:54Z,GLA,SRA,Strategic Regional Authority,Greater London Authority,Greater London,,,22-06-05,E12000007,H,00-London
355,2016-10-31T12:59:03Z,LND,CC,City corporation,City of London Corporation,City of London,,,28-06-05,E09000001,201,
354,2016-10-21T16:11:20Z,WOT,NMD,Non-metropolitan district,Worthing Borough Council,Worthing,,,25-06-05,E07000229,45UH,
353,2016-10-21T16:11:20Z,MSS,NMD,Non-metropolitan district,Mid Sussex District Council,Mid Sussex,,,01-04-74,E07000228,45UG,
352,2016-10-21T16:11:20Z,HOR,NMD,Non-metropolitan district,Horsham District Council,Horsham,,,01-04-74,E07000227,45UF,
351,2016-10-21T16:11:20Z,CRW,NMD,Non-metropolitan district,Crawley Borough Council,Crawley,,,01-04-74,E07000226,45UE,
350,2016-10-21T16:11:20Z,CHI,NMD,Non-metropolitan district,Chichester District Council,Chichester,,,01-04-74,E07000225,45UD,
349,2016-10-21T16:11:20Z,ARU,NMD,Non-metropolitan district,Arun District Council,Arun,,,,E07000224,45UC,
348,2016-10-21T16:11:20Z,ADU,NMD,Non-metropolitan district,Adur District Council,Adur,,,,E07000223,45UB,
347,2016-10-21T16:11:20Z,WSX,CTY,County,West Sussex County Council,West Sussex,,,,E10000032,938,45-00
346,2016-10-21T16:11:20Z,WYE,NMD,Non-metropolitan district,Wyre Forest District Council,Wyre Forest,,,,E07000239,47UG,
345,2016-10-21T16:11:20Z,WYC,NMD,Non-metropolitan district,Wychavon District Council,Wychavon,,,,E07000238,47UF,
344,2016-10-21T16:11:20Z,WOC,NMD,Non-metropolitan district,Worcester City Council,Worcester,,,,E07000237,47UE,
343,2016-10-21T16:11:20Z,RED,NMD,Non-metropolitan district,Redditch Borough Council,Redditch,,,,E07000236,47UD,
342,2016-10-21T16:11:20Z,MAV,NMD,Non-metropolitan district,Malvern Hills District Council,Malvern Hills,,,,E07000235,47UC,
341,2016-10-21T16:11:20Z,BRM,NMD,Non-metropolitan district,Bromsgrove District Council,Bromsgrove,,,,E07000234,47UB,
340,2016-10-21T16:11:20Z,WOR,CTY,County,Worcestershire County Council,Worcestershire,,,,E10000034,885,47-00
339,2016-10-21T16:11:20Z,WAW,NMD,Non-metropolitan district,Warwick District Council,Warwick,,,,E07000222,44UF,
338,2016-10-21T16:11:20Z,STR,NMD,Non-metropolitan district,Stratford-on-Avon District Council,Stratford-on-Avon,,,,E07000221,44UE,
337,2016-10-21T16:11:20Z,RUG,NMD,Non-metropolitan district,Rugby Borough Council,Rugby,,,,E07000220,44UD,
336,2016-10-21T16:11:20Z,NUN,NMD,Non-metropolitan district,Nuneaton and Bedworth Borough Council,Nuneaton and Bedworth,Nuneaton & Bedworth,,,E07000219,44UC,
335,2016-10-21T16:11:20Z,NWA,NMD,Non-metropolitan district,North Warwickshire Borough Council,North Warwickshire,,,,E07000218,44UB,
334,2016-10-21T16:11:20Z,WAR,CTY,County,Warwickshire County Council,Warwickshire,,,,E10000031,937,44-00
333,2016-10-21T16:11:20Z,TAW,NMD,Non-metropolitan district,Tamworth Borough Council,Tamworth,,,,E07000199,41UK,
332,2016-10-21T16:11:20Z,STF,NMD,Non-metropolitan district,Staffordshire Moorlands District Council,Staffordshire Moorlands,,,,E07000198,41UH,
331,2016-10-21T16:11:20Z,STA,NMD,Non-metropolitan district,Stafford Borough Council,Stafford,,,,E07000197,41UG,
330,2016-10-21T16:11:20Z,SST,NMD,Non-metropolitan district,South Staffordshire Council,South Staffordshire,,,,E07000196,41UF,
329,2016-10-21T16:11:20Z,NEC,NMD,Non-metropolitan district,Newcastle-under-Lyme Borough Council,Newcastle-under-Lyme,,,,E07000195,41UE,
328,2016-10-21T16:11:20Z,LIF,NMD,Non-metropolitan district,Lichfield District Council,Lichfield,,,,E07000194,41UD,
327,2016-10-21T16:11:20Z,EST,NMD,Non-metropolitan district,East Staffordshire Borough Council,East Staffordshire,,,,E07000193,41UC,
326,2016-10-21T16:11:20Z,CAN,NMD,Non-metropolitan district,Cannock Chase District Council,Cannock Chase,,,,E07000192,41UB,
325,2016-10-21T16:11:20Z,STS,CTY,County,Staffordshire County Council,Staffordshire,,,,E10000028,860,41-00
324,2016-10-21T16:11:20Z,WOI,NMD,Non-metropolitan district,Woking Borough Council,Woking,,,,E07000217,43UM,
323,2016-10-21T16:11:20Z,WAE,NMD,Non-metropolitan district,Waverley Borough Council,Waverley,,,,E07000216,43UL,
322,2016-10-21T16:11:20Z,TAN,NMD,Non-metropolitan district,Tandridge District Council,Tandridge,,,,E07000215,43UK,
321,2016-10-21T16:11:20Z,SUR,NMD,Non-metropolitan district,Surrey Heath Borough Council,Surrey Heath,,,,E07000214,43UJ,
320,2016-10-21T16:11:20Z,SPE,NMD,Non-metropolitan district,Spelthorne Borough Council,Spelthorne,,,,E07000213,43UH,
319,2016-10-21T16:11:20Z,RUN,NMD,Non-metropolitan district,Runnymede Borough Council,Runnymede,,,,E07000212,43UG,
318,2016-10-21T16:11:20Z,REI,NMD,Non-metropolitan district,Reigate and Banstead Borough Council,Reigate and Banstead,Reigate & Banstead,,,E07000211,43UF,
317,2016-10-21T16:11:20Z,MOL,NMD,Non-metropolitan district,Mole Valley District Council,Mole Valley,,,,E07000210,43UE,
316,2016-10-21T16:11:20Z,GRT,NMD,Non-metropolitan district,Guildford Borough Council,Guildford,,,,E07000209,43UD,
315,2016-10-21T16:11:20Z,EPS,NMD,Non-metropolitan district,Epsom and Ewell Borough Council,Epsom and Ewell,Epsom & Ewell,,,E07000208,43UC,
314,2016-10-21T16:11:20Z,ELM,NMD,Non-metropolitan district,Elmbridge Borough Council,Elmbridge,,,,E07000207,43UB,
313,2016-10-21T16:11:20Z,SRY,CTY,County,Surrey County Council,Surrey,,,,E10000030,936,43-00
312,2016-10-21T16:11:20Z,WSO,NMD,Non-metropolitan district,West Somerset District Council,West Somerset,,,,E07000191,40UF,
311,2016-10-21T16:11:20Z,TAU,NMD,Non-metropolitan district,Taunton Deane Borough Council,Taunton Deane,,,,E07000190,40UE,
310,2016-10-21T16:11:20Z,SSO,NMD,Non-metropolitan district,South Somerset District Council,South Somerset,,,,E07000189,40UD,
309,2016-10-21T16:11:20Z,SEG,NMD,Non-metropolitan district,Sedgemoor District Council,Sedgemoor,,,,E07000188,40UC,
308,2016-10-21T16:11:20Z,MEN,NMD,Non-metropolitan district,Mendip District Council,Mendip,,,,E07000187,40UB,
307,2016-10-21T16:11:20Z,SOM,CTY,County,Somerset County Council,Somerset,,,,E10000027,933,40-00
306,2016-10-21T16:11:20Z,WAV,NMD,Non-metropolitan district,Waveney District Council,Waveney,,,,E07000206,42UH,
305,2016-10-21T16:11:20Z,SUF,NMD,Non-metropolitan district,Suffolk Coastal District Council,Suffolk Coastal,,,,E07000205,42UG,
304,2016-10-21T16:11:20Z,SED,NMD,Non-metropolitan district,St Edmundsbury Borough Council,St Edmundsbury,,,,E07000204,42UF,
303,2016-10-21T16:11:20Z,MSU,NMD,Non-metropolitan district,Mid Suffolk District Council,Mid Suffolk,,,,E07000203,42UE,
302,2016-10-21T16:11:20Z,IPS,NMD,Non-metropolitan district,Ipswich Borough Council,Ipswich,,,,E07000202,42UD,
301,2016-10-21T16:11:20Z,FOR,NMD,Non-metropolitan district,Forest Heath District Council,Forest Heath,,,,E07000201,42UC,
300,2016-10-21T16:11:20Z,BAB,NMD,Non-metropolitan district,Babergh District Council,Babergh,,,,E07000200,42UB,
299,2016-10-21T16:11:20Z,SFK,CTY,County,Suffolk County Council,Suffolk,,,,E10000029,935,42-00
298,2016-10-21T16:11:20Z,WOX,NMD,Non-metropolitan district,West Oxfordshire District Council,West Oxfordshire,,,,E07000181,38UF,
297,2016-10-21T16:11:20Z,VAL,NMD,Non-metropolitan district,Vale of White Horse District Council,Vale of White Horse,,,,E07000180,38UE,
296,2016-10-21T16:11:20Z,SOX,NMD,Non-metropolitan district,South Oxfordshire District Council,South Oxfordshire,,,,E07000179,38UD,
295,2016-10-21T16:11:20Z,OXO,NMD,Non-metropolitan district,Oxford City Council,Oxford,,,,E07000178,38UC,
294,2016-10-21T16:11:20Z,CHR,NMD,Non-metropolitan district,Cherwell District Council,Cherwell,,,,E07000177,38UB,
293,2016-10-21T16:11:20Z,OXF,CTY,County,Oxfordshire County Council,Oxfordshire,,,,E10000025,931,38-00
292,2016-10-21T16:11:20Z,SEL,NMD,Non-metropolitan district,Selby District Council,Selby,,,,E07000169,36UH,
291,2016-10-21T16:11:20Z,SCE,NMD,Non-metropolitan district,Scarborough Borough Council,Scarborough,,,,E07000168,36UG,
290,2016-10-21T16:11:20Z,RYE,NMD,Non-metropolitan district,Ryedale District Council,Ryedale,,,,E07000167,36UF,
289,2016-10-21T16:11:20Z,RIH,NMD,Non-metropolitan district,Richmondshire District Council,Richmondshire,,,,E07000166,36UE,
288,2016-10-21T16:11:20Z,HAG,NMD,Non-metropolitan district,Harrogate Borough Council,Harrogate,,,,E07000165,36UD,
287,2016-10-21T16:11:20Z,HAE,NMD,Non-metropolitan district,Hambleton District Council,Hambleton,,,,E07000164,36UC,
286,2016-10-21T16:11:20Z,CRA,NMD,Non-metropolitan district,Craven District Council,Craven,,,,E07000163,36UB,
285,2016-10-21T16:11:20Z,NYK,CTY,County,North Yorkshire County Council,North Yorkshire,,,,E10000023,815,36-00
284,2016-10-21T16:11:20Z,RUS,NMD,Non-metropolitan district,Rushcliffe Borough Council,Rushcliffe,,,,E07000176,37UJ,
283,2016-10-21T16:11:20Z,NEA,NMD,Non-metropolitan district,Newark and Sherwood District Council,Newark and Sherwood,Newark & Sherwood,,,E07000175,37UG,
282,2016-10-21T16:11:20Z,MAS,NMD,Non-metropolitan district,Mansfield District Council,Mansfield,,,,E07000174,37UF,
281,2016-10-21T16:11:20Z,GED,NMD,Non-metropolitan district,Gedling Borough Council,Gedling,,,,E07000173,37UE,
280,2016-10-21T16:11:20Z,BRT,NMD,Non-metropolitan district,Broxtowe Borough Council,Broxtowe,,,,E07000172,37UD,
279,2016-10-21T16:11:20Z,BAE,NMD,Non-metropolitan district,Bassetlaw District Council,Bassetlaw,,,,E07000171,37UC,
278,2016-10-21T16:11:20Z,ASH,NMD,Non-metropolitan district,Ashfield District Council,Ashfield,,,,E07000170,37UB,
277,2016-10-21T16:11:20Z,NTT,CTY,County,Nottinghamshire County Council,Nottinghamshire,,,,E10000024,891,37-00
276,2016-10-21T16:11:20Z,WEL,NMD,Non-metropolitan district,Wellingborough Borough Council,Wellingborough,,,,E07000156,34UH,
275,2016-10-21T16:11:20Z,SNR,NMD,Non-metropolitan district,South Northamptonshire Council,South Northamptonshire,,,,E07000155,34UG,
274,2016-10-21T16:11:20Z,NOR,NMD,Non-metropolitan district,Northampton Borough Council,Northampton,,,,E07000154,34UF,
273,2016-10-21T16:11:20Z,KET,NMD,Non-metropolitan district,Kettering Borough Council,Kettering,,,,E07000153,34UE,
272,2016-10-21T16:11:20Z,ENO,NMD,Non-metropolitan district,East Northamptonshire Council,East Northamptonshire,,,,E07000152,34UD,
271,2016-10-21T16:11:20Z,DAV,NMD,Non-metropolitan district,Daventry District Council,Daventry,,,,E07000151,34UC,
270,2016-10-21T16:11:20Z,COR,NMD,Non-metropolitan district,Corby Borough Council,Corby,,,,E07000150,34UB,
269,2016-10-21T16:11:20Z,NTH,CTY,County,Northamptonshire County Council,Northamptonshire,,,,E10000021,928,34-00
268,2016-10-21T16:11:20Z,SNO,NMD,Non-metropolitan district,South Norfolk District Council,South Norfolk,,,,E07000149,33UH,
267,2016-10-21T16:11:20Z,NOW,NMD,Non-metropolitan district,Norwich City Council,Norwich,,,,E07000148,33UG,
266,2016-10-21T16:11:20Z,NNO,NMD,Non-metropolitan district,North Norfolk District Council,North Norfolk,,,,E07000147,33UF,
265,2016-10-21T16:11:20Z,KIN,NMD,Non-metropolitan district,Borough Council of Kings Lynn and West Norfolk,Kings Lynn and West Norfolk,King's Lynn & West Norfolk,Kings Lynn & West Norfolk,,E07000146,33UE,
264,2016-10-21T16:11:20Z,GRY,NMD,Non-metropolitan district,Great Yarmouth Borough Council,Great Yarmouth,,,,E07000145,33UD,
263,2016-10-21T16:11:20Z,BRO,NMD,Non-metropolitan district,Broadland District Council,Broadland,,,,E07000144,33UC,
262,2016-10-21T16:11:20Z,BRE,NMD,Non-metropolitan district,Breckland District Council,Breckland,,,,E07000143,33UB,
261,2016-10-21T16:11:20Z,NFK,CTY,County,Norfolk County Council,Norfolk,,,,E10000020,926,33-00
260,2016-10-21T16:11:20Z,WLI,NMD,Non-metropolitan district,West Lindsey District Council,West Lindsey,,,,E07000142,32UH,
259,2016-10-21T16:11:20Z,SKE,NMD,Non-metropolitan district,South Kesteven District Council,South Kesteven,,,,E07000141,32UG,
258,2016-10-21T16:11:20Z,SHO,NMD,Non-metropolitan district,South Holland District Council,South Holland,,,,E07000140,32UF,
257,2016-10-21T16:11:20Z,NKE,NMD,Non-metropolitan district,North Kesteven District Council,North Kesteven,,,,E07000139,32UE,
256,2016-10-21T16:11:20Z,LIC,NMD,Non-metropolitan district,City of Lincoln Council,City of Lincoln,Lincoln,,,E07000138,32UD,
255,2016-10-21T16:11:20Z,ELI,NMD,Non-metropolitan district,East Lindsey District Council,East Lindsey,,,,E07000137,32UC,
254,2016-10-21T16:11:20Z,BOT,NMD,Non-metropolitan district,Boston Borough Council,Boston,,,,E07000136,32UB,
253,2016-10-21T16:11:20Z,LIN,CTY,County,Lincolnshire County Council,Lincolnshire,,,,E10000019,925,32-00
252,2016-10-21T16:11:20Z,OAD,NMD,Non-metropolitan district,Oadby and Wigston Borough Council,Oadby and Wigston,Oadby & Wigston,,,E07000135,31UJ,
251,2016-10-21T16:11:20Z,NWL,NMD,Non-metropolitan district,North West Leicestershire District Council,North West Leicestershire,,,,E07000134,31UH,
250,2016-10-21T16:11:20Z,MEL,NMD,Non-metropolitan district,Melton Borough Council,Melton,,,,E07000133,31UG,
249,2016-10-21T16:11:20Z,HIN,NMD,Non-metropolitan district,Hinckley and Bosworth Borough Council,Hinckley and Bosworth,Hinckley & Bosworth,,,E07000132,31UE,
248,2016-10-21T16:11:20Z,HAO,NMD,Non-metropolitan district,Harborough District Council,Harborough,,,,E07000131,31UD,
247,2016-10-21T16:11:20Z,CHA,NMD,Non-metropolitan district,Charnwood Borough Council,Charnwood,,,,E07000130,31UC,
246,2016-10-21T16:11:20Z,BLA,NMD,Non-metropolitan district,Blaby District Council,Blaby,,,,E07000129,31UB,
245,2016-10-21T16:11:20Z,LEC,CTY,County,Leicestershire County Council,Leicestershire,,,,E10000018,855,31-00
244,2016-10-21T16:11:20Z,WYR,NMD,Non-metropolitan district,Wyre Borough Council,Wyre,,,,E07000128,30UQ,
243,2016-10-21T16:11:20Z,WLA,NMD,Non-metropolitan district,West Lancashire Borough Council,West Lancashire,,,,E07000127,30UP,
242,2016-10-21T16:11:20Z,SRI,NMD,Non-metropolitan district,South Ribble Borough Council,South Ribble,,,,E07000126,30UN,
241,2016-10-21T16:11:20Z,ROS,NMD,Non-metropolitan district,Rossendale Borough Council,Rossendale,,,,E07000125,30UM,
240,2016-10-21T16:11:20Z,RIB,NMD,Non-metropolitan district,Ribble Valley Borough Council,Ribble Valley,,,,E07000124,30UL,
239,2016-10-21T16:11:20Z,PRE,NMD,Non-metropolitan district,Preston City Council,Preston,,,,E07000123,30UK,
238,2016-10-21T16:11:20Z,PEN,NMD,Non-metropolitan district,Pendle Borough Council,Pendle,,,,E07000122,30UJ,
237,2016-10-21T16:11:20Z,LAC,NMD,Non-metropolitan district,Lancaster City Council,Lancaster,,,,E07000121,30UH,
236,2016-10-21T16:11:20Z,HYN,NMD,Non-metropolitan district,Hyndburn Borough Council,Hyndburn,,,,E07000120,30UG,
235,2016-10-21T16:11:20Z,FYL,NMD,Non-metropolitan district,Fylde Borough Council,Fylde,,,,E07000119,30UF,
234,2016-10-21T16:11:20Z,CHO,NMD,Non-metropolitan district,Chorley Borough Council,Chorley,,,,E07000118,30UE,
233,2016-10-21T16:11:20Z,BUN,NMD,Non-metropolitan district,Burnley Borough Council,Burnley,,,,E07000117,30UD,
232,2016-10-21T16:11:20Z,LAN,CTY,County,Lancashire County Council,Lancashire,,,,E10000017,888,30-00
231,2016-10-21T16:11:20Z,TUN,NMD,Non-metropolitan district,Tunbridge Wells Borough Council,Tunbridge Wells,,,,E07000116,29UQ,
230,2016-10-21T16:11:20Z,TON,NMD,Non-metropolitan district,Tonbridge and Malling Borough Council,Tonbridge and Malling,Tonbridge & Malling,,,E07000115,29UP,
229,2016-10-21T16:11:20Z,THA,NMD,Non-metropolitan district,Thanet District Council,Thanet,,,,E07000114,29UN,
228,2016-10-21T16:11:20Z,SWL,NMD,Non-metropolitan district,Swale Borough Council,Swale,,,,E07000113,29UM,
227,2016-10-21T16:11:20Z,SHE,NMD,Non-metropolitan district,Shepway District Council,Shepway,,,,E07000112,29UL,
226,2016-10-21T16:11:20Z,SEV,NMD,Non-metropolitan district,Sevenoaks District Council,Sevenoaks,,,,E07000111,29UK,
225,2016-10-21T16:11:20Z,MAI,NMD,Non-metropolitan district,Maidstone Borough Council,Maidstone,,,,E07000110,29UH,
224,2016-10-21T16:11:20Z,GRA,NMD,Non-metropolitan district,Gravesham Borough Council,Gravesham,,,,E07000109,29UG,
223,2016-10-21T16:11:20Z,DOV,NMD,Non-metropolitan district,Dover District Council,Dover,,,,E07000108,29UE,
222,2016-10-21T16:11:20Z,DAR,NMD,Non-metropolitan district,Dartford Borough Council,Dartford,,,,E07000107,29UD,
221,2016-10-21T16:11:20Z,CAT,NMD,Non-metropolitan district,Canterbury City Council,Canterbury,,,,E07000106,29UC,
220,2016-10-21T16:11:20Z,ASF,NMD,Non-metropolitan district,Ashford Borough Council,Ashford,,,,E07000105,29UB,
219,2016-10-21T16:11:20Z,KEN,CTY,County,Kent County Council,Kent,,,,E10000016,886,29-00
218,2016-10-21T16:11:20Z,WEW,NMD,Non-metropolitan district,Welwyn Hatfield Borough Council,Welwyn Hatfield,,,,E07000241,26UL,
217,2016-10-21T16:11:20Z,WAT,NMD,Non-metropolitan district,Watford Borough Council,Watford,,,,E07000103,26UK,
216,2016-10-21T16:11:20Z,THE,NMD,Non-metropolitan district,Three Rivers District Council,Three Rivers,,,,E07000102,26UJ,
215,2016-10-21T16:11:20Z,STV,NMD,Non-metropolitan district,Stevenage Borough Council,Stevenage,,,,E07000243,26UH,
214,2016-10-21T16:11:20Z,SAL,NMD,Non-metropolitan district,St Albans City and District Council,St Albans,,,,E07000240,26UG,
213,2016-10-21T16:11:20Z,NHE,NMD,Non-metropolitan district,North Hertfordshire District Council,North Hertfordshire,,,,E07000099,26UF,
212,2016-10-21T16:11:20Z,HER,NMD,Non-metropolitan district,Hertsmere Borough Council,Hertsmere,,,,E07000098,26UE,
211,2016-10-21T16:11:20Z,EHE,NMD,Non-metropolitan district,East Hertfordshire District Council,East Hertfordshire,,,,E07000242,26UD,
210,2016-10-21T16:11:20Z,DAC,NMD,Non-metropolitan district,Dacorum Borough Council,Dacorum,,,,E07000096,26UC,
209,2016-10-21T16:11:20Z,BRX,NMD,Non-metropolitan district,Broxbourne Borough Council,Broxbourne,,,,E07000095,26UB,
208,2016-10-21T16:11:20Z,HRT,CTY,County,Hertfordshire County Council,Hertfordshire,,,,E10000015,919,26-00
207,2016-10-21T16:11:20Z,WIN,NMD,Non-metropolitan district,Winchester City Council,Winchester,,,,E07000094,24UP,
206,2016-10-21T16:11:20Z,TES,NMD,Non-metropolitan district,Test Valley Borough Council,Test Valley,,,,E07000093,24UN,
205,2016-10-21T16:11:20Z,RUH,NMD,Non-metropolitan district,Rushmoor Borough Council,Rushmoor,,,,E07000092,24UL,
204,2016-10-21T16:11:20Z,NEW,NMD,Non-metropolitan district,New Forest District Council,New Forest,,,,E07000091,24UJ,
203,2016-10-21T16:11:20Z,HAA,NMD,Non-metropolitan district,Havant Borough Council,Havant,,,,E07000090,24UH,
202,2016-10-21T16:11:20Z,HAT,NMD,Non-metropolitan district,Hart District Council,Hart,,,,E07000089,24UG,
201,2016-10-21T16:11:20Z,GOS,NMD,Non-metropolitan district,Gosport Borough Council,Gosport,,,,E07000088,24UF,
200,2016-10-21T16:11:20Z,FAR,NMD,Non-metropolitan district,Fareham Borough Council,Fareham,,,,E07000087,24UE,
199,2016-10-21T16:11:20Z,EAT,NMD,Non-metropolitan district,Eastleigh Borough Council,Eastleigh,,,,E07000086,24UD,
198,2016-10-21T16:11:20Z,EHA,NMD,Non-metropolitan district,East Hampshire District Council,East Hampshire,,,,E07000085,24UC,
197,2016-10-21T16:11:20Z,BAN,NMD,Non-metropolitan district,Basingstoke and Deane Borough Council,Basingstoke and Deane,Basingstoke & Deane,,,E07000084,24UB,
196,2016-10-21T16:11:20Z,HAM,CTY,County,Hampshire County Council,Hampshire,,,,E10000014,850,24-00
195,2016-10-21T16:11:20Z,TEW,NMD,Non-metropolitan district,Tewkesbury Borough Council,Tewkesbury,,,,E07000083,23UG,
194,2016-10-21T16:11:20Z,STO,NMD,Non-metropolitan district,Stroud District Council,Stroud,,,,E07000082,23UF,
193,2016-10-21T16:11:20Z,GLO,NMD,Non-metropolitan district,Gloucester City Council,Gloucester,,,,E07000081,23UE,
192,2016-10-21T16:11:20Z,FOE,NMD,Non-metropolitan district,Forest of Dean District Council,Forest of Dean,,,,E07000080,23UD,
191,2016-10-21T16:11:20Z,COT,NMD,Non-metropolitan district,Cotswold District Council,Cotswold,,,,E07000079,23UC,
190,2016-10-21T16:11:20Z,CHT,NMD,Non-metropolitan district,Cheltenham Borough Council,Cheltenham,,,,E07000078,23UB,
189,2016-10-21T16:11:20Z,GLS,CTY,County,Gloucestershire County Council,Gloucestershire,,,,E10000013,916,23-00
188,2016-10-21T16:11:20Z,WSM,LBO,London borough,City of Westminster,Westminster,,,,E09000033,213,
187,2016-10-21T16:11:20Z,WND,LBO,London borough,London Borough of Wandsworth,Wandsworth,,,,E09000032,212,
186,2016-10-21T16:11:20Z,WFT,LBO,London borough,London Borough of Waltham Forest,Waltham Forest,,,,E09000031,320,
185,2016-10-21T16:11:20Z,TWH,LBO,London borough,London Borough of Tower Hamlets,Tower Hamlets,,,,E09000030,211,
184,2016-10-21T16:11:20Z,SWK,LBO,London borough,London Borough of Southwark,Southwark,,,,E09000028,210,
183,2016-10-21T16:11:20Z,STN,LBO,London borough,London Borough of Sutton,Sutton,,,,E09000029,319,
182,2016-10-21T16:11:20Z,RIC,LBO,London borough,London Borough of Richmond upon Thames,Richmond upon Thames,,,,E09000027,318,
181,2016-10-21T16:11:20Z,RDB,LBO,London borough,London Borough of Redbridge,Redbridge,,,,E09000026,317,
180,2016-10-21T16:11:20Z,NWM,LBO,London borough,London Borough of Newham,Newham,,,,E09000025,316,
179,2016-10-21T16:11:20Z,MRT,LBO,London borough,London Borough of Merton,Merton,,,,E09000024,315,
178,2016-10-21T16:11:20Z,LEW,LBO,London borough,London Borough of Lewisham,Lewisham,,,,E09000023,209,
177,2016-10-21T16:11:20Z,LBH,LBO,London borough,London Borough of Lambeth,Lambeth,,,,E09000022,208,
176,2016-10-21T16:11:20Z,KTT,LBO,London borough,Royal Borough of Kingston upon Thames,Kingston upon Thames,,,,E09000021,314,
175,2016-10-21T16:11:20Z,KEC,LBO,London borough,Royal Borough of Kensington and Chelsea,Kensington and Chelsea,Kensington & Chelsea,,,E09000020,207,
174,2016-10-21T16:11:20Z,ISL,LBO,London borough,London Borough of Islington,Islington,,,,E09000019,206,
173,2016-10-21T16:11:20Z,HRY,LBO,London borough,London Borough of Haringey,Haringey,,,,E09000014,309,
172,2016-10-21T16:11:20Z,HRW,LBO,London borough,London Borough of Harrow,Harrow,,,,E09000015,310,
171,2016-10-21T16:11:20Z,HNS,LBO,London borough,London Borough of Hounslow,Hounslow,,,,E09000018,313,
170,2016-10-21T16:11:20Z,HMF,LBO,London borough,London Borough of Hammersmith & Fulham,Hammersmith and Fulham,Hammersmith & Fulham,,,E09000013,205,
169,2016-10-21T16:11:20Z,HIL,LBO,London borough,London Borough of Hillingdon,Hillingdon,,,,E09000017,312,
168,2016-10-21T16:11:20Z,HCK,LBO,London borough,London Borough of Hackney,Hackney,,,,E09000012,204,
167,2016-10-21T16:11:20Z,HAV,LBO,London borough,London Borough of Havering,Havering,,,,E09000016,311,
166,2016-10-21T16:11:20Z,GRE,LBO,London borough,Royal Borough of Greenwich,Greenwich,,,,E09000011,203,
165,2016-10-21T16:11:20Z,ENF,LBO,London borough,London Borough of Enfield,Enfield,,,,E09000010,308,
164,2016-10-21T16:11:20Z,EAL,LBO,London borough,London Borough of Ealing,Ealing,,,,E09000009,307,
163,2016-10-21T16:11:20Z,CRY,LBO,London borough,London Borough of Croydon,Croydon,,,,E09000008,306,
162,2016-10-21T16:11:20Z,CMD,LBO,London borough,London Borough of Camden,Camden,,,,E09000007,202,
161,2016-10-21T16:11:20Z,BRY,LBO,London borough,London Borough of Bromley,Bromley,,,,E09000006,305,
160,2016-10-21T16:11:20Z,BNE,LBO,London borough,London Borough of Barnet,Barnet,,,,E09000003,302,
159,2016-10-21T16:11:20Z,BEX,LBO,London borough,London Borough of Bexley,Bexley,,,,E09000004,303,
158,2016-10-21T16:11:20Z,BEN,LBO,London borough,London Borough of Brent,Brent,,,,E09000005,304,
157,2016-10-21T16:11:20Z,BDG,LBO,London borough,London Borough of Barking and Dagenham,Barking and Dagenham,Barking & Dagenham,,,E09000002,301,
156,2016-10-21T16:11:20Z,WEA,NMD,Non-metropolitan district,Wealden District Council,Wealden,,,,E07000065,21UH,
155,2016-10-21T16:11:20Z,ROH,NMD,Non-metropolitan district,Rother District Council,Rother,,,,E07000064,21UG,
154,2016-10-21T16:11:20Z,LEE,NMD,Non-metropolitan district,Lewes District Council,Lewes,,,,E07000063,21UF,
153,2016-10-21T16:11:20Z,HAS,NMD,Non-metropolitan district,Hastings Borough Council,Hastings,,,,E07000062,21UD,
152,2016-10-21T16:11:20Z,EAS,NMD,Non-metropolitan district,Eastbourne Borough Council,Eastbourne,,,,E07000061,21UC,
151,2016-10-21T16:11:20Z,ESX,CTY,County,East Sussex County Council,East Sussex,,,,E10000011,845,21-00
150,2016-10-21T16:11:20Z,UTT,NMD,Non-metropolitan district,Uttlesford District Council,Uttlesford,,,,E07000077,22UQ,
149,2016-10-21T16:11:20Z,TEN,NMD,Non-metropolitan district,Tendring District Council,Tendring,,,,E07000076,22UN,
148,2016-10-21T16:11:20Z,ROC,NMD,Non-metropolitan district,Rochford District Council,Rochford,,,,E07000075,22UL,
147,2016-10-21T16:11:20Z,MAL,NMD,Non-metropolitan district,Maldon District Council,Maldon,,,,E07000074,22UK,
146,2016-10-21T16:11:20Z,HAR,NMD,Non-metropolitan district,Harlow District Council,Harlow,,,,E07000073,22UJ,
145,2016-10-21T16:11:20Z,EPP,NMD,Non-metropolitan district,Epping Forest District Council,Epping Forest,,,,E07000072,22UH,
144,2016-10-21T16:11:20Z,COL,NMD,Non-metropolitan district,Colchester Borough Council,Colchester,,,,E07000071,22UG,
143,2016-10-21T16:11:20Z,CHL,NMD,Non-metropolitan district,Chelmsford City Council,Chelmsford,,,,E07000070,22UF,
142,2016-10-21T16:11:20Z,CAS,NMD,Non-metropolitan district,Castle Point Borough Council,Castle Point,,,,E07000069,22UE,
141,2016-10-21T16:11:20Z,BRW,NMD,Non-metropolitan district,Brentwood Borough Council,Brentwood,,,,E07000068,22UD,
140,2016-10-21T16:11:20Z,BRA,NMD,Non-metropolitan district,Braintree District Council,Braintree,,,,E07000067,22UC,
139,2016-10-21T16:11:20Z,BAI,NMD,Non-metropolitan district,Basildon Borough Council,Basildon,,,,E07000066,22UB,
138,2016-10-21T16:11:20Z,ESS,CTY,County,Essex County Council,Essex,,,,E10000012,881,22-00
137,2016-10-21T16:11:20Z,WEY,NMD,Non-metropolitan district,Weymouth and Portland Borough Council,Weymouth and Portland,Weymouth & Portland,,,E07000053,19UJ,
136,2016-10-21T16:11:20Z,WDO,NMD,Non-metropolitan district,West Dorset District Council,West Dorset,,,,E07000052,19UH,
135,2016-10-21T16:11:20Z,PUR,NMD,Non-metropolitan district,Purbeck District Council,Purbeck,,,,E07000051,19UG,
134,2016-10-21T16:11:20Z,NDO,NMD,Non-metropolitan district,North Dorset District Council,North Dorset,,,,E07000050,19UE,
133,2016-10-21T16:11:20Z,EDO,NMD,Non-metropolitan district,East Dorset District Council,East Dorset,,,,E07000049,19UD,
132,2016-10-21T16:11:20Z,CHC,NMD,Non-metropolitan district,Christchurch Borough Council,Christchurch,,,,E07000048,19UC,
131,2016-10-21T16:11:20Z,DOR,CTY,County,Dorset County Council,Dorset,,,,E10000009,835,19-00
130,2016-10-21T16:11:20Z,WDE,NMD,Non-metropolitan district,West Devon Borough Council,West Devon,,,,E07000047,18UL,
129,2016-10-21T16:11:20Z,TOR,NMD,Non-metropolitan district,Torridge District Council,Torridge,,,,E07000046,18UK,
128,2016-10-21T16:11:20Z,TEI,NMD,Non-metropolitan district,Teignbridge District Council,Teignbridge,,,,E07000045,18UH,
127,2016-10-21T16:11:20Z,SHA,NMD,Non-metropolitan district,South Hams District Council,South Hams,,,,E07000044,18UG,
126,2016-10-21T16:11:20Z,NDE,NMD,Non-metropolitan district,North Devon District Council,North Devon,,,,E07000043,18UE,
125,2016-10-21T16:11:20Z,MDE,NMD,Non-metropolitan district,Mid Devon District Council,Mid Devon,,,,E07000042,18UD,
124,2016-10-21T16:11:20Z,EXE,NMD,Non-metropolitan district,Exeter City Council,Exeter,,,,E07000041,18UC,
123,2016-10-21T16:11:20Z,EDE,NMD,Non-metropolitan district,East Devon District Council,East Devon,,,,E07000040,18UB,
122,2016-10-21T16:11:20Z,DEV,CTY,County,Devon County Council,Devon,,,,E10000008,878,18-00
121,2016-10-21T16:11:20Z,SDE,NMD,Non-metropolitan district,South Derbyshire District Council,South Derbyshire,,,,E07000039,17UK,
120,2016-10-21T16:11:20Z,NED,NMD,Non-metropolitan district,North East Derbyshire District Council,North East Derbyshire,,,,E07000038,17UJ,
119,2016-10-21T16:11:20Z,HIG,NMD,Non-metropolitan district,High Peak Borough Council,High Peak,,,,E07000037,17UH,
118,2016-10-21T16:11:20Z,ERE,NMD,Non-metropolitan district,Erewash Borough Council,Erewash,,,,E07000036,17UG,
117,2016-10-21T16:11:20Z,DEB,NMD,Non-metropolitan district,Derbyshire Dales District Council,Derbyshire Dales,,,,E07000035,17UF,
116,2016-10-21T16:11:20Z,CHS,NMD,Non-metropolitan district,Chesterfield Borough Council,Chesterfield,,,,E07000034,17UD,
115,2016-10-21T16:11:20Z,BOS,NMD,Non-metropolitan district,Bolsover District Council,Bolsover,,,,E07000033,17UC,
114,2016-10-21T16:11:20Z,AMB,NMD,Non-metropolitan district,Amber Valley Borough Council,Amber Valley,,,,E07000032,17UB,
113,2016-10-21T16:11:20Z,DBY,CTY,County,Derbyshire County Council,Derbyshire,,,,E10000007,830,17-00
112,2016-10-21T16:11:20Z,DER,UA,Unitary authority,Derby City Council,Derby,Derby City UA,Derby UA,,E06000015,831,00-FK
111,2016-10-21T16:11:20Z,SLA,NMD,Non-metropolitan district,South Lakeland District Council,South Lakeland,,,,E07000031,16UG,
110,2016-10-21T16:11:20Z,EDN,NMD,Non-metropolitan district,Eden District Council,Eden,,,,E07000030,16UF,
109,2016-10-21T16:11:20Z,COP,NMD,Non-metropolitan district,Copeland Borough Council,Copeland,,,,E07000029,16UE,
108,2016-10-21T16:11:20Z,CAR,NMD,Non-metropolitan district,Carlisle City Council,Carlisle,,,,E07000028,16UD,
107,2016-10-21T16:11:20Z,BAR,NMD,Non-metropolitan district,Barrow-in-Furness Borough Council,Barrow-in-Furness,,,,E07000027,16UC,
106,2016-10-21T16:11:20Z,ALL,NMD,Non-metropolitan district,Allerdale Borough Council,Allerdale,,,,E07000026,16UB,
105,2016-10-21T16:11:20Z,CMA,CTY,County,Cumbria County Council,Cumbria,,,,E10000006,909,16-00
104,2016-10-21T16:11:20Z,SCA,NMD,Non-metropolitan district,South Cambridgeshire District Council,South Cambridgeshire,,,,E07000012,12UG,
103,2016-10-21T16:11:20Z,HUN,NMD,Non-metropolitan district,Huntingdonshire District Council,Huntingdonshire,,,,E07000011,12UE,
102,2016-10-21T16:11:20Z,FEN,NMD,Non-metropolitan district,Fenland District Council,Fenland,,,,E07000010,12UD,
101,2016-10-21T16:11:20Z,ECA,NMD,Non-metropolitan district,East Cambridgeshire District Council,East Cambridgeshire,,,,E07000009,12UC,
100,2016-10-21T16:11:20Z,CAB,NMD,Non-metropolitan district,Cambridge City Council,Cambridge,,,,E07000008,12UB,
99,2016-10-21T16:11:20Z,CAM,CTY,County,Cambridgeshire County Council,Cambridgeshire,,,,E10000003,873,12-00
98,2016-10-21T16:11:20Z,WYO,NMD,Non-metropolitan district,Wycombe District Council,Wycombe,,,,E07000007,11UF,
97,2016-10-21T16:11:20Z,SBU,NMD,Non-metropolitan district,South Bucks District Council,South Bucks,,,,E07000006,11UE,
96,2016-10-21T16:11:20Z,CHN,NMD,Non-metropolitan district,Chiltern District Council,Chiltern,,,,E07000005,11UC,
95,2016-10-21T16:11:20Z,AYL,NMD,Non-metropolitan district,Aylesbury Vale District Council,Aylesbury Vale,,,,E07000004,11UB,
94,2016-10-21T16:11:20Z,BKM,CTY,County,Buckinghamshire County Council,Buckinghamshire,,,19-06-05,E10000002,825,11-00
93,2016-10-21T16:11:20Z,YOR,UA,Unitary authority,City of York Council,York,York UA,,18-06-05,E06000014,816,00-FF
92,2016-10-21T16:11:20Z,WRT,UA,Unitary authority,Warrington Borough Council,Warrington,Warrington UA,,20-06-05,E06000007,877,00-EU
91,2016-10-21T16:11:20Z,WRL,MD,Metropolitan district,Wirral Borough Council,Wirral,,,01-04-74,E08000015,344,00-CB
90,2016-10-21T16:11:20Z,WOK,UA,Unitary authority,Wokingham Borough Council,Wokingham,Wokingham UA,,20-06-05,E06000041,872,00-MF
89,2016-10-21T16:11:20Z,WNM,UA,Unitary authority,Royal Borough of Windsor and Maidenhead,Windsor and Maidenhead,Windsor & Maidenhead UA,,20-06-05,E06000040,868,00-ME
88,2016-10-21T16:11:20Z,WLV,MD,Metropolitan district,City of Wolverhampton Council,Wolverhampton,,,01-04-74,E08000031,336,00-CW
87,2016-10-21T16:11:20Z,WLL,MD,Metropolitan district,Walsall Metropolitan Borough Council,Walsall,,,01-04-74,E08000030,335,00-CU
86,2016-10-21T16:11:20Z,WKF,MD,Metropolitan district,Wakefield Metropolitan District Council,Wakefield,,,01-04-74,E08000036,384,00-DB
85,2016-10-21T16:11:20Z,WIL,UA,Unitary authority,Wiltshire Council,Wiltshire,Wiltshire UA,,01-04-09,E06000054,865,00-HY
84,2016-10-21T16:11:20Z,WGN,MD,Metropolitan district,Wigan Metropolitan Borough Council,Wigan,,,01-04-74,E08000010,359,00-BW
83,2016-10-21T16:11:20Z,WBK,UA,Unitary authority,West Berkshire Council,West Berkshire,West Berkshire UA,,20-06-05,E06000037,869,00-MB
82,2016-10-21T16:11:20Z,TRF,MD,Metropolitan district,Trafford Metropolitan Borough Council,Trafford,,,01-04-74,E08000009,358,00-BU
81,2016-10-21T16:11:20Z,TOB,UA,Unitary authority,Torbay Council,Torbay,Torbay UA,,20-06-05,E06000027,880,00-HH
80,2016-10-21T16:11:20Z,THR,UA,Unitary authority,Thurrock Council,Thurrock,Thurrock UA,,20-06-05,E06000034,883,00-KG
79,2016-10-21T16:11:20Z,TFW,UA,Unitary authority,Telford & Wrekin Council,Telford and Wrekin,Telford and the Wrekin UA,Telford & Wrekin UA,20-06-05,E06000020,894,00-GF
78,2016-10-21T16:11:20Z,TAM,MD,Metropolitan district,Tameside Metropolitan Borough Council,Tameside,,,01-04-74,E08000008,357,00-BT
77,2016-10-21T16:11:20Z,SWD,UA,Unitary authority,Swindon Borough Council,Swindon,Swindon UA,,20-06-05,E06000030,866,00-HX
76,2016-10-21T16:11:20Z,STY,MD,Metropolitan district,South Tyneside Council,South Tyneside,,,01-04-74,E08000023,393,00-CL
75,2016-10-21T16:11:20Z,STT,UA,Unitary authority,Stockton-on-Tees Borough Council,Stockton-on-Tees,Stockton-On-Tees UA,Stockton On Tees UA,18-06-05,E06000004,808,00-EF
74,2016-10-21T16:11:20Z,STH,UA,Unitary authority,Southampton City Council,Southampton,Southampton UA,,19-06-05,E06000045,852,00-MS
73,2016-10-21T16:11:20Z,STE,UA,Unitary authority,Stoke-on-Trent City Council,Stoke-on-Trent,Stoke-On-Trent UA,,20-06-05,E06000021,861,00-GL
72,2016-10-21T16:11:20Z,SOS,UA,Unitary authority,Southend-on-Sea Borough Council,Southend-on-Sea,Southend-on-Sea UA,Southend UA,20-06-05,E06000033,882,00-KF
71,2016-10-21T16:11:20Z,SOL,MD,Metropolitan district,Solihull Metropolitan Borough Council,Solihull,,,27-05-05,E08000029,334,00-CT
70,2016-10-21T16:11:20Z,SND,MD,Metropolitan district,Sunderland City Council,Sunderland,,,27-05-05,E08000024,394,00-CM
69,2016-10-21T16:11:20Z,SLG,UA,Unitary authority,Slough Borough Council,Slough,Slough UA,,01-04-98,E06000039,871,00-MD
68,2016-10-21T16:11:20Z,SLF,MD,Metropolitan district,Salford City Council,Salford,,,27-05-05,E08000006,355,00-BR
67,2016-10-21T16:11:20Z,SKP,MD,Metropolitan district,Stockport Metropolitan Borough Council,Stockport,,,27-05-05,E08000007,356,00-BS
66,2016-10-21T16:11:20Z,SHR,UA,Unitary authority,Shropshire Council,Shropshire,Shropshire UA,,01-04-09,E06000051,893,00-GG
65,2016-10-21T16:11:20Z,SHN,MD,Metropolitan district,St Helens Council,St. Helens,St Helens,,08-06-05,E08000013,342,00-BZ
64,2016-10-21T16:11:20Z,SHF,MD,Metropolitan district,Sheffield City Council,Sheffield,,,08-06-05,E08000019,373,00-CG
63,2016-10-21T16:11:20Z,SGC,UA,Unitary authority,South Gloucestershire Council,South Gloucestershire,South Gloucestershire UA,,18-06-05,E06000025,803,00-HD
62,2016-10-21T16:11:20Z,SFT,MD,Metropolitan district,Sefton Metropolitan Borough Council,Sefton,,,08-06-05,E08000014,343,00-CA
61,2016-10-21T16:11:20Z,SAW,MD,Metropolitan district,Sandwell Metropolitan Borough Council,Sandwell,,,07-06-05,E08000028,333,00-CS
60,2016-10-21T16:11:20Z,RUT,UA,Unitary authority,Rutland County Council,Rutland,Rutland UA,,01-04-97,E06000017,857,00-FP
59,2016-10-21T16:11:20Z,ROT,MD,Metropolitan district,Rotherham Metropolitan Borough Council,Rotherham,,,27-05-05,E08000018,372,00-CF
58,2016-10-21T16:11:20Z,RDG,UA,Unitary authority,Reading Borough Council,Reading,Reading UA,,27-05-05,E06000038,870,00-MC
57,2016-10-21T16:11:20Z,RCH,MD,Metropolitan district,Rochdale Metropolitan Borough Council,Rochdale,,,27-05-05,E08000005,354,00-BQ
56,2016-10-21T16:11:20Z,RCC,UA,Unitary authority,Redcar and Cleveland Borough Council,Redcar and Cleveland,Redcar & Cleveland UA,,01-04-96,E06000003,807,00-EE
55,2016-10-21T16:11:20Z,PTE,UA,Unitary authority,Peterborough City Council,Peterborough,Peterborough UA,,20-06-05,E06000031,874,00-JA
54,2016-10-21T16:11:20Z,POR,UA,Unitary authority,Portsmouth City Council,Portsmouth,Portsmouth UA,,20-06-05,E06000044,851,00-MR
53,2016-10-21T16:11:20Z,POL,UA,Unitary authority,Borough of Poole,Poole,Poole UA,,01-04-97,E06000029,836,00-HP
52,2016-10-21T16:11:20Z,PLY,UA,Unitary authority,Plymouth City Council,Plymouth,Plymouth UA,,01-04-98,E06000026,879,00-HG
51,2016-10-21T16:11:20Z,OLD,MD,Metropolitan district,Oldham Metropolitan Borough Council,Oldham,,,07-06-05,E08000004,353,00-BP
50,2016-10-21T16:11:20Z,NTY,MD,Metropolitan district,North Tyneside Council,North Tyneside,,,01-04-74,E08000022,392,00-CK
49,2016-10-21T16:11:20Z,NSM,UA,Unitary authority,North Somerset  Council,North Somerset,North Somerset UA,,01-04-96,E06000024,802,00-HC
48,2016-10-21T16:11:20Z,NLN,UA,Unitary authority,North Lincolnshire Council,North Lincolnshire,North Lincolnshire UA,,01-04-96,E06000013,813,00-FD
47,2016-10-21T16:11:20Z,NGM,UA,Unitary authority,Nottingham City Council,Nottingham,City of Nottingham UA,Nottingham UA,20-06-05,E06000018,892,00-FY
46,2016-10-21T16:11:20Z,NET,MD,Metropolitan district,Newcastle City Council,Newcastle upon Tyne,,,01-04-74,E08000021,391,00-CJ
45,2016-10-21T16:11:20Z,NEL,UA,Unitary authority,North East Lincolnshire Council,North East Lincolnshire,North East Lincolnshire UA,,01-04-96,E06000012,812,00-FC
44,2016-10-21T16:11:20Z,NBL,UA,Unitary authority,Northumberland County Council,Northumberland,Northumberland UA,,01-04-09,E06000048,929,
43,2016-10-21T16:11:20Z,MIK,UA,Unitary authority,Milton Keynes Council,Milton Keynes,Milton Keynes UA,,19-06-05,E06000042,826,00-MG
42,2016-10-21T16:11:20Z,MDW,UA,Unitary authority,Medway Council,Medway,The Medway Towns UA,Medway Towns UA,01-04-98,E06000035,887,00-LC
41,2016-10-21T16:11:20Z,MDB,UA,Unitary authority,Middlesbrough Borough Council,Middlesbrough,Middlesbrough UA,,18-06-05,E06000002,806,00-EC
40,2016-10-21T16:11:20Z,MAN,MD,Metropolitan district,Manchester City Council,Manchester,,,01-04-74,E08000003,352,00-BN
39,2016-10-21T16:11:20Z,LUT,UA,Unitary authority,Luton Borough Council,Luton,Luton UA,,19-06-05,E06000032,821,00-KA
37,2016-10-21T16:11:20Z,LIV,MD,Metropolitan district,Liverpool City Council,Liverpool,,,08-06-05,E08000012,341,00-BY
36,2016-10-21T16:11:20Z,LDS,MD,Metropolitan district,Leeds City Council,Leeds,,,08-06-05,E08000035,383,00-DA
35,2016-10-21T16:11:20Z,LCE,UA,Unitary authority,Leicester City Council,Leicester,Leicester City UA,Leicester UA,19-06-05,E06000016,856,00-FN
34,2016-10-21T16:11:20Z,KWL,MD,Metropolitan district,Knowsley Metropolitan Borough Council,Knowsley,,,01-04-74,E08000011,340,00-BX
33,2016-10-21T16:11:20Z,KIR,MD,Metropolitan district,Kirklees Council,Kirklees,,,01-04-74,E08000034,382,00-CZ
32,2016-10-21T16:11:20Z,KHL,UA,Unitary authority,Hull City Council,Kingston upon Hull,"Kingston upon Hull, City of",Kingston Upon Hull UA,01-04-96,E06000010,810,00-FA
31,2016-10-21T16:11:20Z,IOW,UA,Unitary authority,Isle of Wight Council,Isle of Wight,Isle Of Wight UA,,17-06-05,E06000046,921,00-MW
30,2016-10-21T16:11:20Z,IOS,UA,Unitary authority,Council of the Isles of Scilly,Isles of Scilly,,,01-04-74,E06000053,420,00-HF
29,2016-10-21T16:11:20Z,HPL,UA,Unitary authority,Hartlepool Borough Council,Hartlepool,Hartlepool UA,,18-06-05,E06000001,805,00-EB
28,2016-10-21T16:11:20Z,HEF,UA,Unitary authority,Herefordshire Council,Herefordshire,Herefordshire UA,,01-04-98,E06000019,884,00-GA
27,2016-10-21T16:11:20Z,HAL,UA,Unitary authority,Halton Borough Council,Halton,Halton UA,,01-04-98,E06000006,876,00-ET
25,2016-10-21T16:11:20Z,GAT,MD,Metropolitan district,Gateshead Metropolitan Borough Council,Gateshead,,,01-04-74,E08000020,390,
24,2016-10-21T16:11:20Z,ERY,UA,Unitary authority,East Riding of Yorkshire Council,East Riding of Yorkshire,East Riding Of Yorkshire UA,,01-04-96,E06000011,811,00-FB
23,2016-10-21T16:11:20Z,DUR,UA,Unitary authority,Durham County Council,County Durham,Durham,Durham UA,01-04-09,E06000047,840,00-EJ
22,2016-10-21T16:11:20Z,DUD,MD,Metropolitan district,Dudley Metropolitan Borough Council,Dudley,,,01-04-74,E08000027,332,00-CR
21,2016-10-21T16:11:20Z,DNC,MD,Metropolitan district,Doncaster Metropolitan Borough Council,Doncaster,,,01-04-74,E08000017,371,00-CE
20,2016-10-21T16:11:20Z,DAL,UA,Unitary authority,Darlington Borough Council,Darlington,Darlington UA,,01-04-97,E06000005,841,00-EH
19,2016-10-21T16:11:20Z,COV,MD,Metropolitan district,Coventry City Council,Coventry,,,01-04-74,E08000026,331,00-CQ
18,2016-10-21T16:11:20Z,CON,UA,Unitary authority,Cornwall Council,Cornwall,Cornwall UA,,01-04-09,E06000052,908,00-HE
17,2016-10-21T16:11:20Z,CLD,MD,Metropolitan district,Calderdale Metropolitan Borough Council,Calderdale,,,01-04-74,E08000033,381,00-CY
16,2016-10-21T16:11:20Z,CHW,UA,Unitary authority,Cheshire West and Chester Council,Cheshire West and Chester,Cheshire West And Chester UA,,01-04-09,E06000050,896,00-EW
15,2016-10-21T16:11:20Z,CHE,UA,Unitary authority,Cheshire East Council,Cheshire East,Cheshire East UA,,01-04-09,E06000049,895,00-EQ
14,2016-10-21T16:11:20Z,CBF,UA,Unitary authority,Central Bedfordshire Council,Central Bedfordshire,,,01-04-09,E06000056,823,00-KC
13,2016-10-21T16:11:20Z,BUR,MD,Metropolitan district,Bury Metropolitan Borough Council,Bury,,,01-04-74,E08000002,351,00-BM
12,2016-10-21T16:11:20Z,BST,UA,Unitary authority,Bristol City Council,City of Bristol,"Bristol, City of",Bristol UA,18-06-05,E06000023,801,00-HB
11,2016-10-21T16:11:20Z,BRD,MD,Metropolitan district,City of Bradford Metropolitan District Council,Bradford,,,01-04-74,E08000032,380,00-CX
10,2016-10-21T16:11:20Z,BRC,UA,Unitary authority,Bracknell Forest Council,Bracknell Forest,Bracknell Forest UA,,01-04-98,E06000036,867,00-MA
9,2016-10-21T16:11:20Z,BPL,UA,Unitary authority,Blackpool Borough Council,Blackpool,Blackpool UA,,20-06-05,E06000009,890,00-EY
8,2016-10-21T16:11:20Z,BOL,MD,Metropolitan district,Bolton Metropolitan Borough Council,Bolton,,,01-04-74,E08000001,350,00-BL
7,2016-10-21T16:11:20Z,BNS,MD,Metropolitan district,Barnsley Metropolitan Borough Council,Barnsley,,,01-04-74,E08000016,370,00-CC
6,2016-10-21T16:11:20Z,BNH,UA,Unitary authority,Brighton and Hove City Council,Brighton and Hove,Brighton & Hove UA,,19-06-05,E06000043,846,00-ML
5,2016-10-21T16:11:20Z,BMH,UA,Unitary authority,Bournemouth Borough Council,Bournemouth,Bournemouth UA,,19-06-05,E06000028,837,00-HN
4,2016-10-21T16:11:20Z,BIR,MD,Metropolitan district,Birmingham City Council,Birmingham,,,01-07-96,E08000025,330,00-CN
3,2016-10-21T16:11:20Z,BDF,UA,Unitary authority,Bedford Borough Council,Bedford,,,01-04-09,E06000055,822,00-KB
2,2016-10-21T16:11:20Z,BBD,UA,Unitary authority,Blackburn with Darwen Borough Council,Blackburn with Darwen,Blackburn With Darwen UA,,01-04-98,E06000008,889,00-EX
1,2016-10-21T16:11:20Z,BAS,UA,Unitary authority,Bath and North East Somerset Council,Bath and North East Somerset,Bath & North East Somerset UA,,01-04-96,E06000022,800,00-HA
