register,old-register,local-authority-code,,register-and-code,old-register-and-code,local-authority-type,local-authority-type-name,overlapping-la,official-name,alt-name-1,alt-name-2,alt-name-3,gov-uk-slug,start-date,end-date,replaced_by,gss-code,archaic-gss-code,old-ons-la-code,open-council-data-id,ofcom,snac,os,ecode,mapit_area_code,wdtk_ids,lat,long,notes
local-authority-eng,,ADU,,local-authority-eng:ADU,,NMD,Non-metropolitan district,WOR,Adur District Council,Adur,,,adur,,,,E07000223,,45UB,165,,45UB,7000000000016220,E3831,DIS,41,50.84504596,50.84504596,
local-authority-eng,,ALL,,local-authority-eng:ALL,,NMD,Non-metropolitan district,CMA,Allerdale Borough Council,Allerdale,,,allerdale,,,,E07000026,,16UB,28,,16UB,7000000000013060,E0931,DIS,42,54.70343436,54.70343436,
local-authority-eng,,AMB,,local-authority-eng:AMB,,NMD,Non-metropolitan district,DBY,Amber Valley Borough Council,Amber Valley,,,amber-valley,,,,E07000032,,17UB,170,,17UB,7000000000013400,E1031,DIS,44,53.0292358,53.0292358,
local-authority-eng,,ARU,,local-authority-eng:ARU,,NMD,Non-metropolitan district,WSX,Arun District Council,Arun,,,arun,,,,E07000224,,45UC,29,,45UC,7000000000016430,E3832,DIS,50,50.84165959,50.84165959,
local-authority-eng,,ASF,,local-authority-eng:ASF,,NMD,Non-metropolitan district,LAN,Ashford Borough Council,Ashford,,,ashford,,,,E07000105,,29UB,31,,29UB,7000000000018230,E2231,DIS,52,51.1252951,51.1252951,
local-authority-eng,,ASH,,local-authority-eng:ASH,,NMD,Non-metropolitan district,NTT,Ashfield District Council,Ashfield,,,ashfield,,,,E07000170,,37UB,30,,37UB,7000000000007960,E3031,DIS,51,53.09225849,53.09225849,
local-authority-eng,,AYL,,local-authority-eng:AYL,,NMD,Non-metropolitan district,BKM,Aylesbury Vale District Council,Aylesbury Vale,,,aylesbury-vale,,,,E07000004,,11UB,32,,11UB,7000000000011900,E0431,DIS,53,51.89218448,51.89218448,
local-authority-eng,,BAB,,local-authority-eng:BAB,,NMD,Non-metropolitan district,SFK,Babergh District Council,Babergh,,,babergh,,,,E07000200,,42UB,33,,42UB,7000000000015690,E3531,DIS,54,52.05290741,52.05290741,
local-authority-eng,,BAE,,local-authority-eng:BAE,,NMD,Non-metropolitan district,OXF,Bassetlaw District Council,Bassetlaw,,,bassetlaw,,,,E07000171,,37UC,35,,37UC,7000000000008120,E3032,DIS,64,53.33277803,53.33277803,
local-authority-eng,,BAI,,local-authority-eng:BAI,,NMD,Non-metropolitan district,ESS,Basildon Borough Council,Basildon,,,basildon,,,,E07000066,,22UB,171,,22UB,7000000000019730,E1531,DIS,62,51.5903019,51.5903019,
local-authority-eng,,BAN,,local-authority-eng:BAN,,NMD,Non-metropolitan district,HRT,Basingstoke and Deane Borough Council,Basingstoke and Deane,Basingstoke & Deane,,basingstoke-and-deane,,,,E07000084,,24UB,172,,24UB,7000000000017650,E1731,DIS,63,51.27345899,51.27345899,
local-authority-eng,,BAR,,local-authority-eng:BAR,,NMD,Non-metropolitan district,CMA,Barrow-in-Furness Borough Council,Barrow-in-Furness,,,barrow-in-furness,,,,E07000027,,16UC,34,,16UC,7000000000012940,E0932,DIS,61,54.13912096,54.13912096,
local-authority-eng,,BAS,,local-authority-eng:BAS,,UA,Unitary authority,,Bath and North East Somerset Council,Bath and North East Somerset,Bath & North East Somerset UA,,bath-and-north-east-somerset,1996-04-01 00:00:00,,,E06000022,,800,327,00-HA,00HA,7000000000025550,E0101,UTA,65,51.35598529,51.35598529,
local-authority-eng,,BBD,,local-authority-eng:BBD,,UA,Unitary authority,,Blackburn with Darwen Borough Council,Blackburn with Darwen,Blackburn With Darwen UA,,blackburn-with-darwen,1998-04-01 00:00:00,,,E06000008,,889,365,00-EX,00EX,7000000000038840,E2301,UTA,73,53.69261246,53.69261246,
local-authority-eng,,BDF,,local-authority-eng:BDF,,UA,Unitary authority,,Bedford Borough Council,Bedford,Bedford UA,,bedford,2009-04-01 00:00:00,,,E06000055,,822,328,00-KB,00KB,7000000000043870,E0202,UTA,66,52.18918054,52.18918054,
local-authority-eng,,BDG,,local-authority-eng:BDG,,LBO,London borough,GLA,London Borough of Barking and Dagenham,Barking and Dagenham,Barking & Dagenham,,barking-and-dagenham,,,,E09000002,,301,227,,00AB,7000000000010940,E5030,LBO,58,51.54527248,51.54527248,
local-authority-eng,,BEN,,local-authority-eng:BEN,,LBO,London borough,GLA,London Borough of Brent,Brent,,,brent,,,,E09000005,,304,230,,00AE,7000000000011440,E5033,LBO,85,51.55855441,51.55855441,
local-authority-eng,,BEX,,local-authority-eng:BEX,,LBO,London borough,GLA,London Borough of Bexley,Bexley,,,bexley,,,,E09000004,,303,229,,00AD,7000000000010750,E5032,LBO,70,51.45881093,51.45881093,
local-authority-eng,,BIR,,local-authority-eng:BIR,,MD,Metropolitan district,,Birmingham City Council,Birmingham,,,birmingham,1996-07-01 00:00:00,,,E08000025,,330,259,00-CN,00CN,7000000000000010,E4601,MTD,71,52.48854728,52.48854728,
local-authority-eng,,BKM,,local-authority-eng:BKM,,CTY,County,,Buckinghamshire County Council,Buckinghamshire,,,buckinghamshire,2005-06-19 00:00:00,,,E10000002,,825,1,11-00,11,7000000000011900,E0421,CTY,96,,,
local-authority-eng,,BLA,,local-authority-eng:BLA,,NMD,Non-metropolitan district,LEC,Blaby District Council,Blaby,,,blaby,,,,E07000129,,31UB,36,,31UB,7000000000023580,E2431,DIS,72,52.57150764,52.57150764,
local-authority-eng,,BMH,,local-authority-eng:BMH,,UA,Unitary authority,,Bournemouth Borough Council,Bournemouth,Bournemouth UA,,bournemouth,2005-06-19 00:00:00,2019-03-31 00:00:00,BPC,E06000028,,837,330,00-HN,00HN,7000000000038340,E1202,UTA,80,50.74229873,50.74229873,
local-authority-eng,,BNE,,local-authority-eng:BNE,,LBO,London borough,GLA,London Borough of Barnet,Barnet,,,barnet,,,,E09000003,,302,228,,00AC,7000000000011370,E5031,LBO,59,51.61601862,51.61601862,
local-authority-eng,,BNH,,local-authority-eng:BNH,,UA,Unitary authority,,Brighton and Hove City Council,Brighton and Hove,Brighton & Hove UA,,brighton-and-hove,2005-06-19 00:00:00,,,E06000043,,846,332,00-ML,00ML,7000000000036740,E1401,UTA,89,50.84466428,50.84466428,
local-authority-eng,,BNS,,local-authority-eng:BNS,,MD,Metropolitan district,,Barnsley Metropolitan Borough Council,Barnsley,,,barnsley,1974-04-01 00:00:00,,,E08000016,,370,264,00-CC,00CC,7000000000009180,E4401,MTD,60,53.53587055,53.53587055,
local-authority-eng,,BOL,,local-authority-eng:BOL,,MD,Metropolitan district,,Bolton Metropolitan Borough Council,Bolton,,,bolton,1974-04-01 00:00:00,,,E08000001,,350,265,00-BL,00BL,7000000000018830,E4201,MTD,78,53.57863239,53.57863239,
local-authority-eng,,BOS,,local-authority-eng:BOS,,NMD,Non-metropolitan district,DEV,Bolsover District Council,Bolsover,,,bolsover,,,,E07000033,,17UC,37,,17UC,7000000000013350,E1032,DIS,77,53.21562694,53.21562694,
local-authority-eng,,BOT,,local-authority-eng:BOT,,NMD,Non-metropolitan district,LIN,Boston Borough Council,Boston,,,boston,,,,E07000136,,32UB,38,,32UB,7000000000005300,E2531,DIS,79,52.97327139,52.97327139,
local-authority-eng,,BPL,,local-authority-eng:BPL,,UA,Unitary authority,,Blackpool Borough Council,Blackpool,Blackpool UA,,blackpool,2005-06-20 00:00:00,,,E06000009,,890,329,00-EY,00EY,7000000000038860,E2302,UTA,74,53.81780578,53.81780578,
local-authority-eng,,BRA,,local-authority-eng:BRA,,NMD,Non-metropolitan district,GLS,Braintree District Council,Braintree,,,braintree,,,,E07000067,,22UC,39,,22UC,7000000000019790,E1532,DIS,83,51.94182899,51.94182899,
local-authority-eng,,BRC,,local-authority-eng:BRC,,UA,Unitary authority,,Bracknell Forest Council,Bracknell Forest,Bracknell Forest UA,,bracknell-forest,1998-04-01 00:00:00,,,E06000036,,867,331,00-MA,00MA,7000000000038890,E0301,UTA,81,51.40811251,51.40811251,
local-authority-eng,,BRD,,local-authority-eng:BRD,,MD,Metropolitan district,,City of Bradford Metropolitan District Council,Bradford,,,bradford,1974-04-01 00:00:00,,,E08000032,,380,266,00-CX,00CX,7000000000016720,E4701,MTD,82,53.84467047,53.84467047,
local-authority-eng,,BRE,,local-authority-eng:BRE,,NMD,Non-metropolitan district,NTH,Breckland District Council,Breckland,,,breckland,,,,E07000143,,33UB,40,,33UB,7000000000006910,E2631,DIS,84,52.5879295,52.5879295,
local-authority-eng,,BRM,,local-authority-eng:BRM,,NMD,Non-metropolitan district,WOR,Bromsgrove District Council,Bromsgrove,,,bromsgrove,,,,E07000234,,47UB,42,,47UB,7000000000003080,E1831,DIS,93,52.36175128,52.36175128,
local-authority-eng,,BRO,,local-authority-eng:BRO,,NMD,Non-metropolitan district,NFK,Broadland District Council,Broadland,,,broadland,,,,E07000144,,33UC,41,,33UC,7000000000006550,E2632,DIS,91,52.70128669,52.70128669,
local-authority-eng,,BRT,,local-authority-eng:BRT,,NMD,Non-metropolitan district,NTT,Broxtowe Borough Council,Broxtowe,,,broxtowe,,,,E07000172,,37UD,43,,37UD,7000000000007990,E3033,DIS,95,52.97642112,52.97642112,
local-authority-eng,,BRW,,local-authority-eng:BRW,,NMD,Non-metropolitan district,ESS,Brentwood Borough Council,Brentwood,,,brentwood,,,,E07000068,,22UD,173,,22UD,7000000000019980,E1533,DIS,86,51.63863513,51.63863513,
local-authority-eng,,BRX,,local-authority-eng:BRX,,NMD,Non-metropolitan district,HRT,Broxbourne Borough Council,Broxbourne,,,broxbourne,,,,E07000095,,26UB,174,,26UB,7000000000003620,E1931,DIS,94,51.72510759,51.72510759,
local-authority-eng,,BRY,,local-authority-eng:BRY,,LBO,London borough,GLA,London Borough of Bromley,Bromley,,,bromley,,,,E09000006,,305,231,,00AF,7000000000010770,E5034,LBO,92,51.3719842,51.3719842,
local-authority-eng,,BST,,local-authority-eng:BST,,UA,Unitary authority,,Bristol City Council,City of Bristol,"Bristol, City of",Bristol UA,bristol,2005-06-18 00:00:00,,,E06000023,,801,366,00-HB,00HB,7000000000025520,E0102,UTA,90,51.46677219,51.46677219,
local-authority-eng,,BUN,,local-authority-eng:BUN,,NMD,Non-metropolitan district,LEC,Burnley Borough Council,Burnley,,,burnley,,,,E07000117,,30UD,175,,30UD,7000000000004560,E2333,DIS,97,53.77893552,53.77893552,
local-authority-eng,,BUR,,local-authority-eng:BUR,,MD,Metropolitan district,,Bury Metropolitan Borough Council,Bury,,,bury,1974-04-01 00:00:00,,,E08000002,,351,267,00-BM,00BM,7000000000018840,E4202,MTD,98,53.58783919,53.58783919,
local-authority-eng,,CAB,,local-authority-eng:CAB,,NMD,Non-metropolitan district,CAM,Cambridge City Council,Cambridge,,,cambridge,,,,E07000008,,12UB,176,,12UB,7000000000001250,E0531,DIS,101,52.19936865,52.19936865,
local-authority-eng,,CAM,,local-authority-eng:CAM,,CTY,County,,Cambridgeshire County Council,Cambridgeshire,,,cambridgeshire,,,,E10000003,,873,2,12-00,12,7000000000001380,E0521,CTY,102,,,
local-authority-eng,,CAN,,local-authority-eng:CAN,,NMD,Non-metropolitan district,STS,Cannock Chase District Council,Cannock Chase,,,cannock-chase,,,,E07000192,,41UB,177,,41UB,7000000000014860,E3431,DIS,104,52.71238261,52.71238261,
local-authority-eng,,CAR,,local-authority-eng:CAR,,NMD,Non-metropolitan district,CMA,Carlisle City Council,Carlisle,,,carlisle,,,,E07000028,,16UD,178,,16UD,7000000000012710,E0933,DIS,108,54.97119391,54.97119391,
local-authority-eng,,CAS,,local-authority-eng:CAS,,NMD,Non-metropolitan district,ESS,Castle Point Borough Council,Castle Point,,,castle-point,,,,E07000069,,22UE,179,,22UE,7000000000019450,E1534,DIS,113,51.54546166,51.54546166,
local-authority-eng,,CAT,,local-authority-eng:CAT,,NMD,Non-metropolitan district,LAN,Canterbury City Council,Canterbury,,,canterbury,,,,E07000106,,29UC,44,,29UC,7000000000018130,E2232,DIS,105,51.28087639,51.28087639,
local-authority-eng,,CBF,,local-authority-eng:CBF,,UA,Unitary authority,,Central Bedfordshire Council,Central Bedfordshire,Central Bedfordshire UA,,central-bedfordshire,2009-04-01 00:00:00,,,E06000056,,823,333,00-KC,00KC,7000000000043870,E0203,UTA,4311,52.00662957,52.00662957,
local-authority-eng,,CHA,,local-authority-eng:CHA,,NMD,Non-metropolitan district,LEC,Charnwood Borough Council,Charnwood,,,charnwood,,,,E07000130,,31UC,45,,31UC,7000000000023450,E2432,DIS,116,52.73700683,52.73700683,
local-authority-eng,,CHC,,local-authority-eng:CHC,,NMD,Non-metropolitan district,DOR,Christchurch Borough Council,Christchurch,,,christchurch,,2019-03-31 00:00:00,BPC,E07000048,,19UC,50,,19UC,7000000000014200,E1232,DIS,127,50.76246095,50.76246095,
local-authority-eng,,CHE,,local-authority-eng:CHE,,UA,Unitary authority,,Cheshire East Council,Cheshire East,Cheshire East UA,,cheshire-east,2009-04-01 00:00:00,,,E06000049,,895,334,00-EQ,00EQ,7000000000043550,E0603,UTA,4305,53.1802709,53.1802709,
local-authority-eng,,CHI,,local-authority-eng:CHI,,NMD,Non-metropolitan district,WSX,Chichester District Council,Chichester,,,chichester,1974-04-01 00:00:00,,,E07000225,,45UD,48,,45UD,7000000000016440,E3833,DIS,124,50.94190438,50.94190438,
local-authority-eng,,CHL,,local-authority-eng:CHL,,NMD,Non-metropolitan district,GLS,Chelmsford City Council,Chelmsford,,,chelmsford,,,,E07000070,,22UF,46,,22UF,7000000000019700,E1535,DIS,117,51.72562962,51.72562962,
local-authority-eng,,CHN,,local-authority-eng:CHN,,NMD,Non-metropolitan district,BKM,Chiltern District Council,Chiltern,,,chiltern,,,,E07000005,,11UC,49,,11UC,7000000000011770,E0432,DIS,125,51.68050091,51.68050091,
local-authority-eng,,CHO,,local-authority-eng:CHO,,NMD,Non-metropolitan district,LAN,Chorley Borough Council,Chorley,,,chorley,,,,E07000118,,30UE,181,,30UE,7000000000004760,E2334,DIS,126,53.66148191,53.66148191,
local-authority-eng,,CHR,,local-authority-eng:CHR,,NMD,Non-metropolitan district,OXF,Cherwell District Council,Cherwell,,,cherwell,,,,E07000177,,38UB,180,,38UB,7000000000008500,E3131,DIS,119,51.95878329,51.95878329,
local-authority-eng,,CHS,,local-authority-eng:CHS,,NMD,Non-metropolitan district,DEV,Chesterfield Borough Council,Chesterfield,,,chesterfield,,,,E07000034,,17UD,47,,17UD,7000000000013710,E1033,DIS,123,53.25628074,53.25628074,
local-authority-eng,,CHT,,local-authority-eng:CHT,,NMD,Non-metropolitan district,GLS,Cheltenham Borough Council,Cheltenham,,,cheltenham,,,,E07000078,,23UB,166,,23UB,7000000000020270,E1631,DIS,118,51.89699948,51.89699948,
local-authority-eng,,CHW,,local-authority-eng:CHW,,UA,Unitary authority,,Cheshire West and Chester Council,Cheshire West and Chester,Cheshire West And Chester UA,,cheshire-west-and-chester,2009-04-01 00:00:00,,,E06000050,,896,335,00-EW,00EW,7000000000043550,E0604,UTA,4306,53.19745386,53.19745386,
local-authority-eng,,CLD,,local-authority-eng:CLD,,MD,Metropolitan district,,Calderdale Metropolitan Borough Council,Calderdale,,,calderdale,1974-04-01 00:00:00,,,E08000033,,381,268,00-CY,00CY,7000000000016710,E4702,MTD,100,53.72117994,53.72117994,
local-authority-eng,,CMA,,local-authority-eng:CMA,,CTY,County,,Cumbria County Council,Cumbria,,,cumbria,,,,E10000006,,909,3,16-00,16,7000000000013240,E0920,CTY,147,,,
local-authority-eng,,CMD,,local-authority-eng:CMD,,LBO,London borough,GLA,London Borough of Camden,Camden,,,camden,,,,E09000007,,202,232,,00AG,7000000000011240,E5011,LBO,103,51.54639248,51.54639248,
local-authority-eng,,COL,,local-authority-eng:COL,,NMD,Non-metropolitan district,GLS,Colchester Borough Council,Colchester,,,colchester,,,,E07000071,,22UG,182,,22UG,7000000000019560,E1536,DIS,131,51.87567314,51.87567314,
local-authority-eng,,CON,,local-authority-eng:CON,,UA,Unitary authority,,Cornwall Council,Cornwall,Cornwall UA,,cornwall,2009-04-01 00:00:00,,,E06000052,,908,336,00-HE,00HE,7000000000043750,E0801,UTA,139,50.406308,50.406308,
local-authority-eng,,COP,,local-authority-eng:COP,,NMD,Non-metropolitan district,CMA,Copeland Borough Council,Copeland,,,copeland,,,,E07000029,,16UE,51,,16UE,7000000000012960,E0934,DIS,137,54.42016705,54.42016705,
local-authority-eng,,COR,,local-authority-eng:COR,,NMD,Non-metropolitan district,NTH,Corby Borough Council,Corby,,,corby,,,,E07000150,,34UB,52,,34UB,7000000000007280,E2831,DIS,138,52.49907298,52.49907298,
local-authority-eng,,COT,,local-authority-eng:COT,,NMD,Non-metropolitan district,GLS,Cotswold District Council,Cotswold,,,cotswold,,,,E07000079,,23UC,53,,23UC,7000000000020220,E1632,DIS,140,51.81645166,51.81645166,
local-authority-eng,,COV,,local-authority-eng:COV,,MD,Metropolitan district,,Coventry City Council,Coventry,,,coventry,1974-04-01 00:00:00,,,E08000026,,331,269,00-CQ,00CQ,7000000000000030,E4602,MTD,141,52.41686841,52.41686841,
local-authority-eng,,CRA,,local-authority-eng:CRA,,NMD,Non-metropolitan district,NYK,Craven District Council,Craven,,,craven,,,,E07000163,,36UB,183,,36UB,7000000000021690,E2731,DIS,143,54.07982706,54.07982706,
local-authority-eng,,CRW,,local-authority-eng:CRW,,NMD,Non-metropolitan district,WSX,Crawley Borough Council,Crawley,,,crawley,1974-04-01 00:00:00,,,E07000226,,45UE,184,,45UE,7000000000016350,E3834,DIS,144,51.12547063,51.12547063,
local-authority-eng,,CRY,,local-authority-eng:CRY,,LBO,London borough,GLA,London Borough of Croydon,Croydon,,,croydon,,,,E09000008,,306,233,,00AH,7000000000010890,E5035,LBO,146,51.35531787,51.35531787,
local-authority-eng,,DAC,,local-authority-eng:DAC,,NMD,Non-metropolitan district,KEN,Dacorum Borough Council,Dacorum,,,dacorum,,,,E07000096,,26UC,54,,26UC,7000000000003920,E1932,DIS,148,51.77818249,51.77818249,
local-authority-eng,,DAL,,local-authority-eng:DAL,,UA,Unitary authority,,Darlington Borough Council,Darlington,Darlington UA,,darlington,1997-04-01 00:00:00,,,E06000005,,841,337,00-EH,00EH,7000000000038400,E1301,UTA,149,54.54869927,54.54869927,
local-authority-eng,,DAR,,local-authority-eng:DAR,,NMD,Non-metropolitan district,KEN,Dartford Borough Council,Dartford,,,dartford,,,,E07000107,,29UD,55,,29UD,7000000000018630,E2233,DIS,150,51.42983948,51.42983948,
local-authority-eng,,DAV,,local-authority-eng:DAV,,NMD,Non-metropolitan district,NTH,Daventry District Council,Daventry,,,daventry,,,,E07000151,,34UC,185,,34UC,7000000000007450,E2832,DIS,151,52.31598638,52.31598638,
local-authority-eng,,DBY,,local-authority-eng:DBY,,CTY,County,,Derbyshire County Council,Derbyshire,,,derbyshire,,,,E10000007,,830,4,17-00,17,7000000000013680,E1021,CTY,154,,,
local-authority-eng,,DEB,,local-authority-eng:DEB,,NMD,Non-metropolitan district,DBY,Derbyshire Dales District Council,Derbyshire Dales,,,derbyshire-dales,,,,E07000035,,17UF,56,,17UF,7000000000013670,E1035,DIS,155,53.12815029,53.12815029,
local-authority-eng,,DER,,local-authority-eng:DER,,UA,Unitary authority,,Derby City Council,Derby,Derby City UA,Derby UA,derby,,,,E06000015,,831,367,00-FK,00FK,7000000000037530,E1001,UTA,153,52.91254469,52.91254469,
local-authority-eng,,DEV,,local-authority-eng:DEV,,CTY,County,,Devon County Council,Devon,,,devon,,,,E10000008,,878,5,18-00,18,7000000000023140,E1121,CTY,157,,,
local-authority-eng,,DNC,,local-authority-eng:DNC,,MD,Metropolitan district,,Doncaster Metropolitan Borough Council,Doncaster,,,doncaster,1974-04-01 00:00:00,,,E08000017,,371,260,00-CE,00CE,7000000000009080,E4402,MTD,158,53.54424388,53.54424388,
local-authority-eng,,DOR,,local-authority-eng:DOR,,CTY,County,,Dorset County Council,Dorset,,,dorset,,2019-03-31 00:00:00,DST,E10000009,,835,6,19-00,19,7000000000014360,E1221,CTY,159,,,
local-authority-eng,,DOV,,local-authority-eng:DOV,,NMD,Non-metropolitan district,LAN,Dover District Council,Dover,,,dover,,,,E07000108,,29UE,57,,29UE,7000000000017970,E2234,DIS,160,51.21145408,51.21145408,
local-authority-eng,,DUD,,local-authority-eng:DUD,,MD,Metropolitan district,,Dudley Metropolitan Borough Council,Dudley,,,dudley,1974-04-01 00:00:00,,,E08000027,,332,270,00-CR,00CR,7000000000000100,E4603,MTD,161,52.48285068,52.48285068,
local-authority-eng,,DUR,,local-authority-eng:DUR,,UA,Unitary authority,,Durham County Council,County Durham,Durham,Durham UA,county-durham,2009-04-01 00:00:00,,,E06000047,,840,338,00-EJ,00EJ,7000000000043600,E1302,UTA,165,54.69541375,54.69541375,
local-authority-eng,,EAL,,local-authority-eng:EAL,,LBO,London borough,GLA,London Borough of Ealing,Ealing,,,ealing,,,,E09000009,,307,234,,00AJ,7000000000011390,E5036,LBO,166,51.52247611,51.52247611,
local-authority-eng,,EAS,,local-authority-eng:EAS,,NMD,Non-metropolitan district,ESX,Eastbourne Borough Council,Eastbourne,,,eastbourne,,,,E07000061,,21UC,66,,21UC,7000000000002630,E1432,DIS,182,50.77678987,50.77678987,
local-authority-eng,,EAT,,local-authority-eng:EAT,,NMD,Non-metropolitan district,HRT,Eastleigh Borough Council,Eastleigh,,,eastleigh,,,,E07000086,,24UD,67,,24UD,7000000000017590,E1733,DIS,183,50.93770802,50.93770802,
local-authority-eng,,ECA,,local-authority-eng:ECA,,NMD,Non-metropolitan district,CAM,East Cambridgeshire District Council,East Cambridgeshire,,,east-cambridgeshire,,,,E07000009,,12UC,58,,12UC,7000000000001340,E0532,DIS,169,52.34286278,52.34286278,
local-authority-eng,,EDE,,local-authority-eng:EDE,,NMD,Non-metropolitan district,DEV,East Devon District Council,East Devon,,,east-devon,,,,E07000040,,18UB,59,,18UB,7000000000022710,E1131,DIS,170,50.76550994,50.76550994,
local-authority-eng,,EDN,,local-authority-eng:EDN,,NMD,Non-metropolitan district,CMA,Eden District Council,Eden,,,eden,,,,E07000030,,16UF,68,,16UF,7000000000013040,E0935,DIS,184,54.6127795,54.6127795,
local-authority-eng,,EDO,,local-authority-eng:EDO,,NMD,Non-metropolitan district,DOR,East Dorset District Council,East Dorset,,,east-dorset,,2019-03-31 00:00:00,DST,E07000049,,19UD,60,,19UD,7000000000014420,E1233,DIS,171,50.86368707,50.86368707,
local-authority-eng,,EHA,,local-authority-eng:EHA,,NMD,Non-metropolitan district,HAM,East Hampshire District Council,East Hampshire,,,east-hampshire,,,,E07000085,,24UC,61,,24UC,7000000000017310,E1732,DIS,173,51.07455402,51.07455402,
local-authority-eng,,EHE,,local-authority-eng:EHE,,NMD,Non-metropolitan district,HRT,East Hertfordshire District Council,East Hertfordshire,,,east-hertfordshire,,,,E07000242,E07000097,26UD,62,,26UD,7000000000003670,E1933,DIS,174,51.86505461,51.86505461,
local-authority-eng,,ELI,,local-authority-eng:ELI,,NMD,Non-metropolitan district,LIN,East Lindsey District Council,East Lindsey,,,east-lindsey,,,,E07000137,,32UC,63,,32UC,7000000000005310,E2532,DIS,175,53.25104881,53.25104881,
local-authority-eng,,ELM,,local-authority-eng:ELM,,NMD,Non-metropolitan district,SRY,Elmbridge Borough Council,Elmbridge,,,elmbridge,,,,E07000207,,43UB,186,,43UB,7000000000013980,E3631,DIS,600,51.35713227,51.35713227,
local-authority-eng,,ENF,,local-authority-eng:ENF,,LBO,London borough,GLA,London Borough of Enfield,Enfield,,,enfield,,,,E09000010,,308,235,,00AK,7000000000011320,E5037,LBO,1604,51.65099197,51.65099197,
local-authority-eng,,ENO,,local-authority-eng:ENO,,NMD,Non-metropolitan district,NYK,East Northamptonshire Council,East Northamptonshire,,,east-northamptonshire,,,,E07000152,,34UD,64,,34UD,7000000000007300,E2833,DIS,177,52.45754726,52.45754726,
local-authority-eng,,EPP,,local-authority-eng:EPP,,NMD,Non-metropolitan district,ESS,Epping Forest District Council,Epping Forest,,,epping-forest,,,,E07000072,,22UH,187,,22UH,7000000000019960,E1537,DIS,186,51.70887781,51.70887781,
local-authority-eng,,EPS,,local-authority-eng:EPS,,NMD,Non-metropolitan district,WAR,Epsom and Ewell Borough Council,Epsom and Ewell,Epsom & Ewell,,epsom-and-ewell,,,,E07000208,,43UC,69,,43UC,7000000000013940,E3632,DIS,187,51.33916686,51.33916686,
local-authority-eng,,ERE,,local-authority-eng:ERE,,NMD,Non-metropolitan district,DBY,Erewash Borough Council,Erewash,,,erewash,,,,E07000036,,17UG,70,,17UG,7000000000013260,E1036,DIS,188,52.93549007,52.93549007,
local-authority-eng,,ERY,,local-authority-eng:ERY,,UA,Unitary authority,,East Riding of Yorkshire Council,East Riding of Yorkshire,East Riding Of Yorkshire UA,,east-riding-of-yorkshire,1996-04-01 00:00:00,,,E06000011,,811,339,00-FB,00FB,7000000000025630,E2001,UTA,179,53.87444214,53.87444214,
local-authority-eng,,ESS,,local-authority-eng:ESS,,CTY,County,,Essex County Council,Essex,,,essex,,,,E10000012,,881,8,22-00,22,7000000000019680,E1521,CTY,189,,,
local-authority-eng,,EST,,local-authority-eng:EST,,NMD,Non-metropolitan district,SFK,East Staffordshire Borough Council,East Staffordshire,,,east-staffordshire,,,,E07000193,,41UC,65,,41UC,7000000000015060,E3432,DIS,180,52.86326808,52.86326808,
local-authority-eng,,ESX,,local-authority-eng:ESX,,CTY,County,,East Sussex County Council,East Sussex,,,east-sussex,,,,E10000011,,845,7,21-00,21,7000000000002620,E1421,CTY,181,,,
local-authority-eng,,EXE,,local-authority-eng:EXE,,NMD,Non-metropolitan district,DEV,Exeter City Council,Exeter,,,exeter,,,,E07000041,,18UC,188,,18UC,7000000000022600,E1132,DIS,190,50.72229308,50.72229308,
local-authority-eng,,FAR,,local-authority-eng:FAR,,NMD,Non-metropolitan district,HAM,Fareham Borough Council,Fareham,,,fareham,,,,E07000087,,24UE,189,,24UE,7000000000017540,E1734,DIS,601,50.85311665,50.85311665,
local-authority-eng,,FEN,,local-authority-eng:FEN,,NMD,Non-metropolitan district,CAM,Fenland District Council,Fenland,,,fenland,,,,E07000010,,12UD,71,,12UD,7000000000001350,E0533,DIS,192,52.56271345,52.56271345,
local-authority-eng,,FOE,,local-authority-eng:FOE,,NMD,Non-metropolitan district,GLS,Forest of Dean District Council,Forest of Dean,,,forest-of-dean,,,,E07000080,,23UD,73,,23UD,7000000000020500,E1633,DIS,605,51.83666093,51.83666093,
local-authority-eng,,FOR,,local-authority-eng:FOR,,NMD,Non-metropolitan district,SRY,Forest Heath District Council,Forest Heath,,,forest-heath,,2019-03-31 00:00:00,WSK,E07000201,,42UC,72,,42UC,7000000000015860,E3532,DIS,604,52.35475905,52.35475905,
local-authority-eng,,FYL,,local-authority-eng:FYL,,NMD,Non-metropolitan district,LAN,Fylde Borough Council,Fylde,,,fylde,,,,E07000119,,30UF,74,,30UF,7000000000004980,E2335,DIS,194,53.78785309,53.78785309,
local-authority-eng,,GAT,,local-authority-eng:GAT,,MD,Metropolitan district,,Gateshead Metropolitan Borough Council,Gateshead,,,gateshead,1974-04-01 00:00:00,,,E08000037,E08000020,390,271,,00CH,7000000000009710,E4501,MTD,195,54.93500639,54.93500639,
local-authority-eng,,GED,,local-authority-eng:GED,,NMD,Non-metropolitan district,NTT,Gedling Borough Council,Gedling,,,gedling,,,,E07000173,,37UE,75,,37UE,7000000000007910,E3034,DIS,196,53.02837205,53.02837205,
local-authority-eng,,GLA,,local-authority-eng:GLA,,SRA,Strategic Regional Authority,,Greater London Authority,Greater London,,,,2005-06-22 00:00:00,,,E12000007,,H,,00-London,,7000000000041440,E5100,,606,,,gss code is for London region - when working from code point open use E18000007 and the NHS_HA_code column
local-authority-eng,,GLO,,local-authority-eng:GLO,,NMD,Non-metropolitan district,GLS,Gloucester City Council,Gloucester,,,gloucester,,,,E07000081,,23UE,76,,23UE,7000000000020390,E1634,DIS,198,51.84933882,51.84933882,
local-authority-eng,,GLS,,local-authority-eng:GLS,,CTY,County,,Gloucestershire County Council,Gloucestershire,,,gloucestershire,,,,E10000013,,916,9,23-00,23,7000000000020610,E1620,CTY,199,,,
local-authority-eng,,GOS,,local-authority-eng:GOS,,NMD,Non-metropolitan district,HAM,Gosport Borough Council,Gosport,,,gosport,,,,E07000088,,24UF,167,,24UF,7000000000017370,E1735,DIS,200,50.80512536,50.80512536,
local-authority-eng,,GRA,,local-authority-eng:GRA,,NMD,Non-metropolitan district,KEN,Gravesham Borough Council,Gravesham,,,gravesham,,,,E07000109,,29UG,77,,29UG,7000000000018510,E2236,DIS,201,51.40234435,51.40234435,
local-authority-eng,,GRE,,local-authority-eng:GRE,,LBO,London borough,GLA,Royal Borough of Greenwich,Greenwich,,,greenwich,,,,E09000011,,203,236,,00AL,7000000000010770,E5012,LBO,203,51.4728037,51.4728037,
local-authority-eng,,GRT,,local-authority-eng:GRT,,NMD,Non-metropolitan district,SRY,Guildford Borough Council,Guildford,,,guildford,,,,E07000209,,43UD,78,,43UD,7000000000014000,E3633,DIS,204,51.24780005,51.24780005,
local-authority-eng,,GRY,,local-authority-eng:GRY,,NMD,Non-metropolitan district,NFK,Great Yarmouth Borough Council,Great Yarmouth,,,great-yarmouth,,,,E07000145,,33UD,190,,33UD,7000000000006390,E2633,DIS,202,52.64223391,52.64223391,
local-authority-eng,,HAA,,local-authority-eng:HAA,,NMD,Non-metropolitan district,HAM,Havant Borough Council,Havant,,,havant,,,,E07000090,,24UH,193,,24UH,7000000000017290,E1737,DIS,610,50.84845614,50.84845614,
local-authority-eng,,HAE,,local-authority-eng:HAE,,NMD,Non-metropolitan district,NYK,Hambleton District Council,Hambleton,,,hambleton,,,,E07000164,,36UC,79,,36UC,7000000000021480,E2732,DIS,207,54.28677818,54.28677818,
local-authority-eng,,HAG,,local-authority-eng:HAG,,NMD,Non-metropolitan district,NYK,Harrogate Borough Council,Harrogate,,,harrogate,,,,E07000165,,36UD,81,,36UD,7000000000021490,E2753,DIS,589,54.06710217,54.06710217,
local-authority-eng,,HAL,,local-authority-eng:HAL,,UA,Unitary authority,,Halton Borough Council,Halton,Halton UA,,halton,1998-04-01 00:00:00,,,E06000006,,876,368,00-ET,00ET,7000000000038840,E0601,UTA,607,53.34513294,53.34513294,
local-authority-eng,,HAM,,local-authority-eng:HAM,,CTY,County,,Hampshire County Council,Hampshire,,,hampshire,,,,E10000014,,850,10,24-00,24,7000000000017760,E1721,CTY,209,,,
local-authority-eng,,HAO,,local-authority-eng:HAO,,NMD,Non-metropolitan district,LEC,Harborough District Council,Harborough,,,harborough,,,,E07000131,,31UD,80,,31UD,7000000000023270,E2433,DIS,210,52.53930969,52.53930969,
local-authority-eng,,HAR,,local-authority-eng:HAR,,NMD,Non-metropolitan district,ESS,Harlow District Council,Harlow,,,harlow,,,,E07000073,,22UJ,191,,22UJ,7000000000020080,E1538,DIS,608,51.76834907,51.76834907,
local-authority-eng,,HAS,,local-authority-eng:HAS,,NMD,Non-metropolitan district,ESX,Hastings Borough Council,Hastings,,,hastings,,,,E07000062,,21UD,82,,21UD,7000000000002580,E1433,DIS,214,50.86993508,50.86993508,
local-authority-eng,,HAT,,local-authority-eng:HAT,,NMD,Non-metropolitan district,HAM,Hart District Council,Hart,,,hart,,,,E07000089,,24UG,192,,24UG,7000000000017480,E1736,DIS,212,51.2848121,51.2848121,
local-authority-eng,,HAV,,local-authority-eng:HAV,,LBO,London borough,GLA,London Borough of Havering,Havering,,,havering,,,,E09000016,,311,241,,00AR,7000000000010800,E5040,LBO,611,51.56436831,51.56436831,
local-authority-eng,,HCK,,local-authority-eng:HCK,,LBO,London borough,GLA,London Borough of Hackney,Hackney,,,hackney,,,,E09000012,,204,237,,00AM,7000000000011190,E5013,LBO,206,51.55226486,51.55226486,
local-authority-eng,,HEF,,local-authority-eng:HEF,,UA,Unitary authority,,Herefordshire Council,Herefordshire,Herefordshire UA,,herefordshire,1998-04-01 00:00:00,,,E06000019,,884,340,00-GA,00GA,7000000000038900,E1801,UTA,612,52.1034786,52.1034786,
local-authority-eng,,HER,,local-authority-eng:HER,,NMD,Non-metropolitan district,HRT,Hertsmere Borough Council,Hertsmere,,,hertsmere,,,,E07000098,,26UE,83,,26UE,7000000000003700,E1934,DIS,216,51.67728487,51.67728487,
local-authority-eng,,HIG,,local-authority-eng:HIG,,NMD,Non-metropolitan district,DBY,High Peak Borough Council,High Peak,,,high-peak,,,,E07000037,,17UH,84,,17UH,7000000000013750,E1037,DIS,217,53.37295028,53.37295028,
local-authority-eng,,HIL,,local-authority-eng:HIL,,LBO,London borough,GLA,London Borough of Hillingdon,Hillingdon,,,hillingdon,,,,E09000017,,312,242,,00AS,7000000000011530,E5041,LBO,218,51.54147186,51.54147186,
local-authority-eng,,HIN,,local-authority-eng:HIN,,NMD,Non-metropolitan district,LEC,Hinckley and Bosworth Borough Council,Hinckley and Bosworth,Hinckley & Bosworth,,hinckley-and-bosworth,,,,E07000132,,31UE,85,,31UE,7000000000023550,E2434,DIS,614,52.61648253,52.61648253,
local-authority-eng,,HMF,,local-authority-eng:HMF,,LBO,London borough,GLA,London Borough of Hammersmith & Fulham,Hammersmith and Fulham,Hammersmith & Fulham,,hammersmith-and-fulham,,,,E09000013,,205,238,,00AN,7000000000011250,E5014,LBO,208,51.49594792,51.49594792,
local-authority-eng,,HNS,,local-authority-eng:HNS,,LBO,London borough,GLA,London Borough of Hounslow,Hounslow,,,hounslow,,,,E09000018,,313,243,,00AT,7000000000011480,E5042,LBO,1585,51.46838647,51.46838647,
local-authority-eng,,HOR,,local-authority-eng:HOR,,NMD,Non-metropolitan district,WSX,Horsham District Council,Horsham,,,horsham,1974-04-01 00:00:00,,,E07000227,,45UF,86,,45UF,7000000000016340,E3835,DIS,219,50.99384851,50.99384851,
local-authority-eng,,HPL,,local-authority-eng:HPL,,UA,Unitary authority,,Hartlepool Borough Council,Hartlepool,Hartlepool UA,,hartlepool,2005-06-18 00:00:00,,,E06000001,,805,369,00-EB,00EB,7000000000025580,E0701,UTA,213,54.66947734,54.66947734,
local-authority-eng,,HRT,,local-authority-eng:HRT,,CTY,County,,Hertfordshire County Council,Hertfordshire,,,hertfordshire,,,,E10000015,,919,11,26-00,26,7000000000003900,E1920,CTY,215,,,
local-authority-eng,,HRW,,local-authority-eng:HRW,,LBO,London borough,GLA,London Borough of Harrow,Harrow,,,harrow,,,,E09000015,,310,240,,00AQ,7000000000011390,E5039,LBO,609,51.59771875,51.59771875,
local-authority-eng,,HRY,,local-authority-eng:HRY,,LBO,London borough,GLA,London Borough of Haringey,Haringey,,,haringey,,,,E09000014,,309,239,,00AP,7000000000011290,E5038,LBO,211,51.59037397,51.59037397,
local-authority-eng,,HUN,,local-authority-eng:HUN,,NMD,Non-metropolitan district,CAM,Huntingdonshire District Council,Huntingdonshire,,,huntingdonshire,,,,E07000011,,12UE,87,,12UE,7000000000001470,E0551,DIS,615,52.37361589,52.37361589,
local-authority-eng,,HYN,,local-authority-eng:HYN,,NMD,Non-metropolitan district,LEC,Hyndburn Borough Council,Hyndburn,,,hyndburn,,,,E07000120,,30UG,194,,30UG,7000000000004620,E2336,DIS,220,53.75864244,53.75864244,
local-authority-eng,,IOS,,local-authority-eng:IOS,,UA,Unitary authority,,Council of the Isles of Scilly,Isles of Scilly,,,isles-of-scilly,1974-04-01 00:00:00,,,E06000053,,420,405,00-HF,00HF,7000000000043970,E4001,COI,224,49.93533507,49.93533507,
local-authority-eng,,IOW,,local-authority-eng:IOW,,UA,Unitary authority,,Isle of Wight Council,Isle of Wight,Isle Of Wight UA,,isle-of-wight,2005-06-17 00:00:00,,,E06000046,,921,342,00-MW,00MW,7000000000025460,E2101,UTA,223,50.6746856,50.6746856,
local-authority-eng,,IPS,,local-authority-eng:IPS,,NMD,Non-metropolitan district,SFK,Ipswich Borough Council,Ipswich,,,ipswich,,,,E07000202,,42UD,195,,42UD,7000000000015310,E3533,DIS,221,52.05635904,52.05635904,
local-authority-eng,,ISL,,local-authority-eng:ISL,,LBO,London borough,GLA,London Borough of Islington,Islington,,,islington,,,,E09000019,,206,244,,00AU,7000000000011280,E5015,LBO,225,51.54848338,51.54848338,
local-authority-eng,,KEC,,local-authority-eng:KEC,,LBO,London borough,GLA,Royal Borough of Kensington and Chelsea,Kensington and Chelsea,Kensington & Chelsea,,kensington-and-chelsea,,,,E09000020,,207,245,,00AW,7000000000011270,E5016,LBO,227,51.50161075,51.50161075,
local-authority-eng,,KEN,,local-authority-eng:KEN,,CTY,County,,Kent County Council,Kent,,,kent,,,,E10000016,,886,12,29-00,29,7000000000018210,E2221,CTY,228,,,
local-authority-eng,,KET,,local-authority-eng:KET,,NMD,Non-metropolitan district,NTH,Kettering Borough Council,Kettering,,,kettering,,,,E07000153,,34UE,88,,34UE,7000000000007400,E2834,DIS,230,52.42614459,52.42614459,
local-authority-eng,,KHL,,local-authority-eng:KHL,,UA,Unitary authority,,Hull City Council,Kingston upon Hull,"Kingston upon Hull, City of",Kingston Upon Hull UA,kingston-upon-hull,1996-04-01 00:00:00,,,E06000010,,810,341,00-FA,00FA,7000000000025630,E2002,UTA,232,53.76410792,53.76410792,
local-authority-eng,,KIN,,local-authority-eng:KIN,,NMD,Non-metropolitan district,NFK,Borough Council of Kings Lynn and West Norfolk,Kings Lynn and West Norfolk,King's Lynn & West Norfolk,Kings Lynn & West Norfolk,kings-lynn-and-west-norfolk,,,,E07000146,,33UE,89,,33UE,7000000000007010,E2634,DIS,231,52.71796104,52.71796104,
local-authority-eng,,KIR,,local-authority-eng:KIR,,MD,Metropolitan district,,Kirklees Council,Kirklees,,,kirklees,1974-04-01 00:00:00,,,E08000034,,382,272,00-CZ,00CZ,7000000000016660,E4703,MTD,234,53.62735656,53.62735656,
local-authority-eng,,KTT,,local-authority-eng:KTT,,LBO,London borough,GLA,Royal Borough of Kingston upon Thames,Kingston upon Thames,,,kingston-upon-thames,,,,E09000021,,314,246,,00AX,7000000000011410,E5043,LBO,233,51.38789376,51.38789376,
local-authority-eng,,KWL,,local-authority-eng:KWL,,MD,Metropolitan district,,Knowsley Metropolitan Borough Council,Knowsley,,,knowsley,1974-04-01 00:00:00,,,E08000011,,340,273,00-BX,00BX,7000000000044500,E4301,MTD,235,53.42510057,53.42510057,
local-authority-eng,,LAC,,local-authority-eng:LAC,,NMD,Non-metropolitan district,LEC,Lancaster City Council,Lancaster,,,lancaster,,,,E07000121,,30UH,90,,30UH,7000000000004920,E2337,DIS,238,54.07089381,54.07089381,
local-authority-eng,,LAN,,local-authority-eng:LAN,,CTY,County,,Lancashire County Council,Lancashire,,,lancashire,,,,E10000017,,888,13,30-00,30,7000000000005150,E2321,CTY,237,,,
local-authority-eng,,LBH,,local-authority-eng:LBH,,LBO,London borough,GLA,London Borough of Lambeth,Lambeth,,,lambeth,,,,E09000022,,208,247,,00AY,7000000000011140,E5017,LBO,236,51.45307931,51.45307931,
local-authority-eng,,LCE,,local-authority-eng:LCE,,UA,Unitary authority,,Leicester City Council,Leicester,Leicester City UA,Leicester UA,leicester,2005-06-19 00:00:00,,,E06000016,,856,343,00-FN,00FN,7000000000037530,E2401,UTA,240,52.63791436,52.63791436,
local-authority-eng,,LDS,,local-authority-eng:LDS,,MD,Metropolitan district,,Leeds City Council,Leeds,,,leeds,2005-06-08 00:00:00,,,E08000035,,383,261,00-DA,00DA,7000000000016670,E4704,MTD,239,53.82574641,53.82574641,
local-authority-eng,,LEC,,local-authority-eng:LEC,,CTY,County,,Leicestershire County Council,Leicestershire,,,leicestershire,,,,E10000018,,855,14,31-00,31,7000000000023420,E2421,CTY,241,,,
local-authority-eng,,LEE,,local-authority-eng:LEE,,NMD,Non-metropolitan district,ESX,Lewes District Council,Lewes,,,lewes,,,,E07000063,,21UF,91,,21UF,7000000000002890,E1435,DIS,242,50.88276971,50.88276971,
local-authority-eng,,LEW,,local-authority-eng:LEW,,LBO,London borough,GLA,London Borough of Lewisham,Lewisham,,,lewisham,,,,E09000023,,209,248,,00AZ,7000000000011030,E5018,LBO,243,51.44808627,51.44808627,
local-authority-eng,,LIC,,local-authority-eng:LIC,,NMD,Non-metropolitan district,LIN,City of Lincoln Council,City of Lincoln,Lincoln,,lincoln,,,,E07000138,,32UD,196,,32UD,7000000000005710,E2533,DIS,245,53.2247266,53.2247266,
local-authority-eng,,LIF,,local-authority-eng:LIF,,NMD,Non-metropolitan district,STS,Lichfield District Council,Lichfield,,,lichfield,,,,E07000194,,41UD,92,,41UD,7000000000014790,E3433,DIS,244,52.68816934,52.68816934,
local-authority-eng,,LIN,,local-authority-eng:LIN,,CTY,County,,Lincolnshire County Council,Lincolnshire,,,lincolnshire,,,,E10000019,,925,15,32-00,32,7000000000005940,E2520,CTY,246,,,
local-authority-eng,,LIV,,local-authority-eng:LIV,,MD,Metropolitan district,,Liverpool City Council,Liverpool,,,liverpool,2005-06-08 00:00:00,,,E08000012,,341,274,00-BY,00BY,7000000000005970,E4302,MTD,3,53.40391995,53.40391995,
local-authority-eng,,LND,,local-authority-eng:LND,,CC,City corporation,GLA,City of London Corporation,City of London,,,city-of-london,2005-06-28 00:00:00,,,E09000001,,201,406,,00AA,7000000000011100,E5010,LBO,128,51.51484485,51.51484485,
local-authority-eng,,LUT,,local-authority-eng:LUT,,UA,Unitary authority,,Luton Borough Council,Luton,Luton UA,,luton,2005-06-19 00:00:00,,,E06000032,,821,344,00-KA,00KA,7000000000037530,E0201,UTA,247,51.89422511,51.89422511,
local-authority-eng,,MAI,,local-authority-eng:MAI,,NMD,Non-metropolitan district,KEN,Maidstone Borough Council,Maidstone,,,maidstone,,,,E07000110,,29UH,197,,29UH,7000000000018220,E2237,DIS,250,51.23499513,51.23499513,
local-authority-eng,,MAL,,local-authority-eng:MAL,,NMD,Non-metropolitan district,GLS,Maldon District Council,Maldon,,,maldon,,,,E07000074,,22UK,93,,22UK,7000000000019500,E1539,DIS,251,51.71031956,51.71031956,
local-authority-eng,,MAN,,local-authority-eng:MAN,,MD,Metropolitan district,,Manchester City Council,Manchester,,,manchester,1974-04-01 00:00:00,,,E08000003,,352,262,00-BN,00BN,7000000000018820,E4203,MTD,253,53.4514844,53.4514844,
local-authority-eng,,MAS,,local-authority-eng:MAS,,NMD,Non-metropolitan district,NTT,Mansfield District Council,Mansfield,,,mansfield,,,,E07000174,,37UF,95,,37UF,7000000000008160,E3035,DIS,254,53.17071504,53.17071504,
local-authority-eng,,MAV,,local-authority-eng:MAV,,NMD,Non-metropolitan district,WOR,Malvern Hills District Council,Malvern Hills,,,malvern-hills,,,,E07000235,,47UC,94,,47UC,7000000000003290,E1851,DIS,252,52.18275809,52.18275809,
local-authority-eng,,MDB,,local-authority-eng:MDB,,UA,Unitary authority,,Middlesbrough Borough Council,Middlesbrough,Middlesbrough UA,,middlesbrough,2005-06-18 00:00:00,,,E06000002,,806,346,00-EC,00EC,7000000000025580,E0702,UTA,264,54.54199625,54.54199625,
local-authority-eng,,MDE,,local-authority-eng:MDE,,NMD,Non-metropolitan district,DEV,Mid Devon District Council,Mid Devon,,,mid-devon,,,,E07000042,,18UD,98,,18UD,7000000000022900,E1133,DIS,261,50.87626164,50.87626164,
local-authority-eng,,MDW,,local-authority-eng:MDW,,UA,Unitary authority,,Medway Council,Medway,The Medway Towns UA,Medway Towns UA,medway,1998-04-01 00:00:00,,,E06000035,,887,345,00-LC,00LC,7000000000038900,E2201,UTA,255,51.41514747,51.41514747,
local-authority-eng,,MEL,,local-authority-eng:MEL,,NMD,Non-metropolitan district,LEC,Melton Borough Council,Melton,,,melton,,,,E07000133,,31UG,96,,31UG,7000000000023350,E2436,DIS,256,52.7963819,52.7963819,
local-authority-eng,,MEN,,local-authority-eng:MEN,,NMD,Non-metropolitan district,SOM,Mendip District Council,Mendip,,,mendip,,,,E07000187,,40UB,97,,40UB,7000000000043460,E3331,DIS,257,51.2029126,51.2029126,
local-authority-eng,,MIK,,local-authority-eng:MIK,,UA,Unitary authority,,Milton Keynes Council,Milton Keynes,Milton Keynes UA,,milton-keynes,2005-06-19 00:00:00,,,E06000042,,826,370,00-MG,00MG,7000000000038410,E0401,UTA,266,52.08380486,52.08380486,
local-authority-eng,,MOL,,local-authority-eng:MOL,,NMD,Non-metropolitan district,WAR,Mole Valley District Council,Mole Valley,,,mole-valley,,,,E07000210,,43UE,198,,43UE,7000000000044470,E3634,DIS,267,51.21226508,51.21226508,
local-authority-eng,,MRT,,local-authority-eng:MRT,,LBO,London borough,GLA,London Borough of Merton,Merton,,,merton,,,,E09000024,,315,249,,00BA,7000000000010990,E5044,LBO,259,51.40994982,51.40994982,
local-authority-eng,,MSS,,local-authority-eng:MSS,,NMD,Non-metropolitan district,WSX,Mid Sussex District Council,Mid Sussex,,,mid-sussex,1974-04-01 00:00:00,,,E07000228,,45UG,100,,45UG,7000000000016210,E3836,DIS,263,51.02084272,51.02084272,
local-authority-eng,,MSU,,local-authority-eng:MSU,,NMD,Non-metropolitan district,SFK,Mid Suffolk District Council,Mid Suffolk,,,mid-suffolk,,,,E07000203,,42UE,99,,42UE,7000000000015670,E3534,DIS,262,52.24682144,52.24682144,
local-authority-eng,,NBL,,local-authority-eng:NBL,,UA,Unitary authority,,Northumberland County Council,Northumberland,Northumberland UA,,northumberland,2009-04-01 00:00:00,,,E06000057,E06000048,929,349,,00EM,7000000000043670,E2901,UTA,292,55.23801577,55.23801577,
local-authority-eng,,NDE,,local-authority-eng:NDE,,NMD,Non-metropolitan district,DEV,North Devon District Council,North Devon,,,north-devon,,,,E07000043,,18UE,104,,18UE,7000000000022930,E1134,DIS,278,51.06905645,51.06905645,
local-authority-eng,,NDO,,local-authority-eng:NDO,,NMD,Non-metropolitan district,DOR,North Dorset District Council,North Dorset,,,north-dorset,,2019-03-31 00:00:00,DST,E07000050,,19UE,105,,19UE,7000000000014450,E1234,DIS,279,50.91246909,50.91246909,
local-authority-eng,,NEA,,local-authority-eng:NEA,,NMD,Non-metropolitan district,NTT,Newark and Sherwood District Council,Newark and Sherwood,Newark & Sherwood,,newark-and-sherwood,,,,E07000175,,37UG,102,,37UG,7000000000008100,E3036,DIS,271,53.1238901,53.1238901,
local-authority-eng,,NEC,,local-authority-eng:NEC,,NMD,Non-metropolitan district,STS,Newcastle-under-Lyme Borough Council,Newcastle-under-Lyme,,,newcastle-under-lyme,,,,E07000195,,41UE,103,,41UE,7000000000015170,E3434,DIS,622,52.99312383,52.99312383,
local-authority-eng,,NED,,local-authority-eng:NED,,NMD,Non-metropolitan district,DBY,North East Derbyshire District Council,North East Derbyshire,,,north-east-derbyshire,,,,E07000038,,17UJ,106,,17UJ,7000000000013390,E1038,DIS,626,53.22582882,53.22582882,
local-authority-eng,,NEL,,local-authority-eng:NEL,,UA,Unitary authority,,North East Lincolnshire Council,North East Lincolnshire,North East Lincolnshire UA,,north-east-lincolnshire,1996-04-01 00:00:00,,,E06000012,,812,371,00-FC,00FC,7000000000025650,E2003,UTA,627,53.54257462,53.54257462,
local-authority-eng,,NET,,local-authority-eng:NET,,MD,Metropolitan district,,Newcastle City Council,Newcastle upon Tyne,,,newcastle-upon-tyne,1974-04-01 00:00:00,,,E08000021,,391,263,00-CJ,00CJ,7000000000009780,E4502,MTD,272,55.00825418,55.00825418,
local-authority-eng,,NEW,,local-authority-eng:NEW,,NMD,Non-metropolitan district,HRT,New Forest District Council,New Forest,,,new-forest,,,,E07000091,,24UJ,101,,24UJ,7000000000017730,E1738,DIS,270,50.85989573,50.85989573,
local-authority-eng,,NFK,,local-authority-eng:NFK,,CTY,County,,Norfolk County Council,Norfolk,,,norfolk,,,,E10000020,,926,16,33-00,33,7000000000007230,E2620,CTY,276,,,
local-authority-eng,,NGM,,local-authority-eng:NGM,,UA,Unitary authority,,Nottingham City Council,Nottingham,City of Nottingham UA,Nottingham UA,nottingham,2005-06-20 00:00:00,,,E06000018,,892,350,00-FY,00FY,7000000000038850,E3001,UTA,294,52.96058498,52.96058498,
local-authority-eng,,NHE,,local-authority-eng:NHE,,NMD,Non-metropolitan district,KEN,North Hertfordshire District Council,North Hertfordshire,,,north-hertfordshire,,,,E07000099,,26UF,199,,26UF,7000000000003890,E1935,DIS,628,51.95909246,51.95909246,
local-authority-eng,,NKE,,local-authority-eng:NKE,,NMD,Non-metropolitan district,LIN,North Kesteven District Council,North Kesteven,,,north-kesteven,,,,E07000139,,32UE,107,,32UE,7000000000005540,E2534,DIS,280,53.08108046,53.08108046,
local-authority-eng,,NLN,,local-authority-eng:NLN,,UA,Unitary authority,,North Lincolnshire Council,North Lincolnshire,North Lincolnshire UA,,north-lincolnshire,1996-04-01 00:00:00,,,E06000013,,813,347,00-FD,00FD,7000000000025620,E2004,UTA,282,53.59084103,53.59084103,
local-authority-eng,,NNO,,local-authority-eng:NNO,,NMD,Non-metropolitan district,NFK,North Norfolk District Council,North Norfolk,,,north-norfolk,,,,E07000147,,33UF,108,,33UF,7000000000007020,E2635,DIS,283,52.84763812,52.84763812,
local-authority-eng,,NOR,,local-authority-eng:NOR,,NMD,Non-metropolitan district,NTH,Northampton Borough Council,Northampton,,,northampton,,,,E07000154,,34UF,111,,34UF,7000000000007470,E2835,DIS,629,52.24125057,52.24125057,
local-authority-eng,,NOW,,local-authority-eng:NOW,,NMD,Non-metropolitan district,NFK,Norwich City Council,Norwich,,,norwich,,,,E07000148,,33UG,200,,33UG,7000000000006750,E2636,DIS,293,52.63305555,52.63305555,
local-authority-eng,,NSM,,local-authority-eng:NSM,,UA,Unitary authority,,North Somerset  Council,North Somerset,North Somerset UA,,north-somerset,1996-04-01 00:00:00,,,E06000024,,802,348,00-HC,00HC,7000000000025500,E0104,UTA,285,51.38979306,51.38979306,
local-authority-eng,,NTH,,local-authority-eng:NTH,,CTY,County,,Northamptonshire County Council,Northamptonshire,,,northamptonshire,,,,E10000021,,928,18,34-00,34,7000000000007370,E2820,CTY,291,,,
local-authority-eng,,NTT,,local-authority-eng:NTT,,CTY,County,,Nottinghamshire County Council,Nottinghamshire,,,nottinghamshire,,,,E10000024,,891,19,37-00,37,7000000000008120,E3021,CTY,630,,,
local-authority-eng,,NTY,,local-authority-eng:NTY,,MD,Metropolitan district,,North Tyneside Council,North Tyneside,,,north-tyneside,1974-04-01 00:00:00,,,E08000022,,392,275,00-CK,00CK,7000000000009690,E4503,MTD,286,55.02838059,55.02838059,
local-authority-eng,,NUN,,local-authority-eng:NUN,,NMD,Non-metropolitan district,WAR,Nuneaton and Bedworth Borough Council,Nuneaton and Bedworth,Nuneaton & Bedworth,,nuneaton-and-bedworth,,,,E07000219,,44UC,168,,44UC,7000000000010050,E3732,DIS,1602,52.50112855,52.50112855,
local-authority-eng,,NWA,,local-authority-eng:NWA,,NMD,Non-metropolitan district,WAR,North Warwickshire Borough Council,North Warwickshire,,,north-warwickshire,,,,E07000218,,44UB,109,,44UB,7000000000010120,E3731,DIS,287,52.54748034,52.54748034,
local-authority-eng,,NWL,,local-authority-eng:NWL,,NMD,Non-metropolitan district,LIN,North West Leicestershire District Council,North West Leicestershire,,,north-west-leicestershire,,,,E07000134,,31UH,110,,31UH,7000000000023610,E2437,DIS,288,52.75311768,52.75311768,
local-authority-eng,,NWM,,local-authority-eng:NWM,,LBO,London borough,GLA,London Borough of Newham,Newham,,,newham,,,,E09000025,,316,250,,00BB,7000000000010920,E5045,LBO,273,51.52834281,51.52834281,
local-authority-eng,,NYK,,local-authority-eng:NYK,,CTY,County,,North Yorkshire County Council,North Yorkshire,,,north-yorkshire,,,,E10000023,,815,17,36-00,36,7000000000022020,E2721,CTY,290,,,
local-authority-eng,,OAD,,local-authority-eng:OAD,,NMD,Non-metropolitan district,LEC,Oadby and Wigston Borough Council,Oadby and Wigston,Oadby & Wigston,,oadby-and-wigston,,,,E07000135,,31UJ,112,,31UJ,7000000000023410,E2438,DIS,631,52.58713661,52.58713661,
local-authority-eng,,OLD,,local-authority-eng:OLD,,MD,Metropolitan district,,Oldham Metropolitan Borough Council,Oldham,,,oldham,2005-06-07 00:00:00,,,E08000004,,353,276,00-BP,00BP,7000000000018690,E4204,MTD,295,53.5518877,53.5518877,
local-authority-eng,,OXF,,local-authority-eng:OXF,,CTY,County,,Oxfordshire County Council,Oxfordshire,,,oxfordshire,,,,E10000025,,931,20,38-00,38,7000000000008320,E3120,CTY,28,,,
local-authority-eng,,OXO,,local-authority-eng:OXO,,NMD,Non-metropolitan district,OXF,Oxford City Council,Oxford,,,oxford,,,,E07000178,,38UC,169,,38UC,7000000000008440,E3132,DIS,298,51.75458663,51.75458663,
local-authority-eng,,PEN,,local-authority-eng:PEN,,NMD,Non-metropolitan district,LEC,Pendle Borough Council,Pendle,,,pendle,,,,E07000122,,30UJ,201,,30UJ,7000000000043740,E2338,DIS,300,53.86549428,53.86549428,
local-authority-eng,,PLY,,local-authority-eng:PLY,,UA,Unitary authority,,Plymouth City Council,Plymouth,Plymouth UA,,plymouth,1998-04-01 00:00:00,,,E06000026,,879,373,00-HG,00HG,7000000000038870,E1101,UTA,304,50.39201661,50.39201661,
local-authority-eng,,POL,,local-authority-eng:POL,,UA,Unitary authority,,Borough of Poole,Poole,Poole UA,,poole,1997-04-01 00:00:00,2019-03-31 00:00:00,BPC,E06000029,,836,351,00-HP,00HP,7000000000038330,E1201,UTA,305,50.74505212,50.74505212,
local-authority-eng,,POR,,local-authority-eng:POR,,UA,Unitary authority,,Portsmouth City Council,Portsmouth,Portsmouth UA,,portsmouth,2005-06-20 00:00:00,,,E06000044,,851,374,00-MR,00MR,7000000000037250,E1701,UTA,306,50.82072405,50.82072405,
local-authority-eng,,PRE,,local-authority-eng:PRE,,NMD,Non-metropolitan district,LAN,Preston City Council,Preston,,,preston,,,,E07000123,,30UK,202,,30UK,7000000000004850,E2339,DIS,308,53.81205625,53.81205625,
local-authority-eng,,PTE,,local-authority-eng:PTE,,UA,Unitary authority,,Peterborough City Council,Peterborough,Peterborough UA,,peterborough,2005-06-20 00:00:00,,,E06000031,,874,372,00-JA,00JA,7000000000038880,E0501,UTA,303,52.60856233,52.60856233,
local-authority-eng,,PUR,,local-authority-eng:PUR,,NMD,Non-metropolitan district,DOR,Purbeck District Council,Purbeck,,,purbeck,,2019-03-31 00:00:00,DST,E07000051,,19UG,113,,19UG,7000000000014360,E1236,DIS,309,50.68115749,50.68115749,
local-authority-eng,,RCC,,local-authority-eng:RCC,,UA,Unitary authority,,Redcar and Cleveland Borough Council,Redcar and Cleveland,Redcar & Cleveland UA,,redcar-and-cleveland,1996-04-01 00:00:00,,,E06000003,,807,352,00-EE,00EE,7000000000025580,E0703,UTA,312,54.55158929,54.55158929,
local-authority-eng,,RCH,,local-authority-eng:RCH,,MD,Metropolitan district,,Rochdale Metropolitan Borough Council,Rochdale,,,rochdale,2005-05-27 00:00:00,,,E08000005,,354,277,00-BQ,00BQ,7000000000018820,E4205,MTD,321,53.61655296,53.61655296,
local-authority-eng,,RDB,,local-authority-eng:RDB,,LBO,London borough,GLA,London Borough of Redbridge,Redbridge,,,redbridge,,,,E09000026,,317,251,,00BC,7000000000010950,E5046,LBO,311,51.58566995,51.58566995,
local-authority-eng,,RDG,,local-authority-eng:RDG,,UA,Unitary authority,,Reading Borough Council,Reading,Reading UA,,reading,2005-05-27 00:00:00,,,E06000038,,870,375,00-MC,00MC,7000000000038890,E0303,UTA,310,51.45297883,51.45297883,
local-authority-eng,,RED,,local-authority-eng:RED,,NMD,Non-metropolitan district,WOR,Redditch Borough Council,Redditch,,,redditch,,,,E07000236,,47UD,203,,47UD,7000000000003080,E1835,DIS,313,52.28228578,52.28228578,
local-authority-eng,,REI,,local-authority-eng:REI,,NMD,Non-metropolitan district,WAR,Reigate and Banstead Borough Council,Reigate and Banstead,Reigate & Banstead,,reigate-and-banstead,,,,E07000211,,43UF,204,,43UF,7000000000013890,E3635,DIS,314,51.25320046,51.25320046,
local-authority-eng,,RIB,,local-authority-eng:RIB,,NMD,Non-metropolitan district,LEC,Ribble Valley Borough Council,Ribble Valley,,,ribble-valley,,,,E07000124,,30UL,114,,30UL,7000000000004710,E2340,DIS,318,53.90721918,53.90721918,
local-authority-eng,,RIC,,local-authority-eng:RIC,,LBO,London borough,GLA,London Borough of Richmond upon Thames,Richmond upon Thames,,,richmond-upon-thames,,,,E09000027,,318,252,,00BD,7000000000011420,E5047,LBO,319,51.44218534,51.44218534,
local-authority-eng,,RIH,,local-authority-eng:RIH,,NMD,Non-metropolitan district,NYK,Richmondshire District Council,Richmondshire,,,richmondshire,,,,E07000166,,36UE,115,,36UE,7000000000021980,E2734,DIS,320,54.36154192,54.36154192,
local-authority-eng,,ROC,,local-authority-eng:ROC,,NMD,Non-metropolitan district,ESS,Rochford District Council,Rochford,,,rochford,,,,E07000075,,22UL,205,,22UL,7000000000019620,E1540,DIS,633,51.59521412,51.59521412,
local-authority-eng,,ROH,,local-authority-eng:ROH,,NMD,Non-metropolitan district,ESX,Rother District Council,Rother,,,rother,,,,E07000064,,21UG,116,,21UG,7000000000002850,E1436,DIS,323,50.95222451,50.95222451,
local-authority-eng,,ROS,,local-authority-eng:ROS,,NMD,Non-metropolitan district,LEC,Rossendale Borough Council,Rossendale,,,rossendale,,,,E07000125,,30UM,206,,30UM,7000000000004570,E2341,DIS,322,53.69381566,53.69381566,
local-authority-eng,,ROT,,local-authority-eng:ROT,,MD,Metropolitan district,,Rotherham Metropolitan Borough Council,Rotherham,,,rotherham,2005-05-27 00:00:00,,,E08000018,,372,278,00-CF,00CF,7000000000009120,E4403,MTD,324,53.40861795,53.40861795,
local-authority-eng,,RUG,,local-authority-eng:RUG,,NMD,Non-metropolitan district,WAR,Rugby Borough Council,Rugby,,,rugby,,,,E07000220,,44UD,207,,44UD,7000000000009880,E3733,DIS,325,52.38436144,52.38436144,
local-authority-eng,,RUH,,local-authority-eng:RUH,,NMD,Non-metropolitan district,HRT,Rushmoor Borough Council,Rushmoor,,,rushmoor,,,,E07000092,,24UL,209,,24UL,7000000000017270,E1740,DIS,327,51.27344347,51.27344347,
local-authority-eng,,RUN,,local-authority-eng:RUN,,NMD,Non-metropolitan district,SRY,Runnymede Borough Council,Runnymede,,,runnymede,,,,E07000212,,43UG,208,,43UG,7000000000014060,E3636,DIS,634,51.39378705,51.39378705,
local-authority-eng,,RUS,,local-authority-eng:RUS,,NMD,Non-metropolitan district,NTT,Rushcliffe Borough Council,Rushcliffe,,,rushcliffe,,,,E07000176,,37UJ,117,,37UJ,7000000000007730,E3038,DIS,326,52.90084729,52.90084729,
local-authority-eng,,RUT,,local-authority-eng:RUT,,UA,Unitary authority,,Rutland County Council,Rutland,Rutland UA,,rutland,1997-04-01 00:00:00,,,E06000017,,857,353,00-FP,00FP,7000000000037520,E2402,UTA,328,52.66072352,52.66072352,
local-authority-eng,,RYE,,local-authority-eng:RYE,,NMD,Non-metropolitan district,NYK,Ryedale District Council,Ryedale,,,ryedale,,,,E07000167,,36UF,118,,36UF,7000000000021290,E2755,DIS,329,54.21049246,54.21049246,
local-authority-eng,,SAL,,local-authority-eng:SAL,,NMD,Non-metropolitan district,KEN,St Albans City and District Council,St Albans,,,st-albans,,,,E07000240,E07000100,26UG,210,,26UG,7000000000003870,E1936,DIS,367,51.77206831,51.77206831,
local-authority-eng,,SAW,,local-authority-eng:SAW,,MD,Metropolitan district,,Sandwell Metropolitan Borough Council,Sandwell,,,sandwell,2005-06-07 00:00:00,,,E08000028,,333,280,00-CS,00CS,7000000000000080,E4604,MTD,331,52.51542733,52.51542733,
local-authority-eng,,SBU,,local-authority-eng:SBU,,NMD,Non-metropolitan district,BKM,South Bucks District Council,South Bucks,,,south-bucks,,,,E07000006,,11UE,124,,11UE,7000000000011690,E0434,DIS,347,51.55637981,51.55637981,
local-authority-eng,,SCA,,local-authority-eng:SCA,,NMD,Non-metropolitan district,CAM,South Cambridgeshire District Council,South Cambridgeshire,,,south-cambridgeshire,,,,E07000012,,12UG,125,,12UG,7000000000001300,E0536,DIS,348,52.17277808,52.17277808,
local-authority-eng,,SCE,,local-authority-eng:SCE,,NMD,Non-metropolitan district,NTT,Scarborough Borough Council,Scarborough,,,scarborough,,,,E07000168,,36UG,119,,36UG,7000000000021350,E2736,DIS,332,54.36640147,54.36640147,
local-authority-eng,,SDE,,local-authority-eng:SDE,,NMD,Non-metropolitan district,DBY,South Derbyshire District Council,South Derbyshire,,,south-derbyshire,,,,E07000039,,17UK,126,,17UK,7000000000013540,E1039,DIS,349,52.83099351,52.83099351,
local-authority-eng,,SED,,local-authority-eng:SED,,NMD,Non-metropolitan district,SFK,St Edmundsbury Borough Council,St Edmundsbury,,,st-edmundsbury,,2019-03-31 00:00:00,WSK,E07000204,,42UF,138,,42UF,7000000000015640,E3535,DIS,368,52.23338645,52.23338645,
local-authority-eng,,SEG,,local-authority-eng:SEG,,NMD,Non-metropolitan district,SOM,Sedgemoor District Council,Sedgemoor,,,sedgemoor,,,,E07000188,,40UC,120,,40UC,7000000000010570,E3332,DIS,334,51.17983985,51.17983985,
local-authority-eng,,SEL,,local-authority-eng:SEL,,NMD,Non-metropolitan district,NYK,Selby District Council,Selby,,,selby,,,,E07000169,,36UH,121,,36UH,7000000000021050,E2757,DIS,335,53.78710245,53.78710245,
local-authority-eng,,SEV,,local-authority-eng:SEV,,NMD,Non-metropolitan district,KEN,Sevenoaks District Council,Sevenoaks,,,sevenoaks,,,,E07000111,,29UK,122,,29UK,7000000000018590,E2239,DIS,336,51.27541031,51.27541031,
local-authority-eng,,SFK,,local-authority-eng:SFK,,CTY,County,,Suffolk County Council,Suffolk,,,suffolk,,,,E10000029,,935,23,42-00,42,7000000000015930,E3520,CTY,382,,,
local-authority-eng,,SFT,,local-authority-eng:SFT,,MD,Metropolitan district,,Sefton Metropolitan Borough Council,Sefton,,,sefton,2005-06-08 00:00:00,,,E08000014,,343,281,00-CA,00CA,7000000000005960,E4304,MTD,637,53.549676,53.549676,
local-authority-eng,,SGC,,local-authority-eng:SGC,,UA,Unitary authority,,South Gloucestershire Council,South Gloucestershire,South Gloucestershire UA,,south-gloucestershire,2005-06-18 00:00:00,,,E06000025,,803,355,00-HD,00HD,7000000000025550,E0103,UTA,350,51.5418708,51.5418708,
local-authority-eng,,SHA,,local-authority-eng:SHA,,NMD,Non-metropolitan district,DOR,South Hams District Council,South Hams,,,south-hams,,,,E07000044,,18UG,127,,18UG,7000000000022560,E1136,DIS,351,50.37508075,50.37508075,
local-authority-eng,,SHE,,local-authority-eng:SHE,,NMD,Non-metropolitan district,LAN,Folkestone and Hythe District Council,Folkestone and Hythe,Shepway District Council,Shepway,shepway,,,,E07000112,,29UL,123,,29UL,7000000000018080,E2240,DIS,338,51.0556329,51.0556329,
local-authority-eng,,SHF,,local-authority-eng:SHF,,MD,Metropolitan district,,Sheffield City Council,Sheffield,,,sheffield,2005-06-08 00:00:00,,,E08000019,,373,282,00-CG,00CG,7000000000009110,E4404,MTD,337,53.40441483,53.40441483,
local-authority-eng,,SHN,,local-authority-eng:SHN,,MD,Metropolitan district,,St Helens Council,St. Helens,St Helens,,st.-helens,2005-06-08 00:00:00,,,E08000013,,342,285,00-BZ,00BZ,7000000000006000,E4303,MTD,369,53.45947264,53.45947264,
local-authority-eng,,SHO,,local-authority-eng:SHO,,NMD,Non-metropolitan district,LIN,South Holland District Council,South Holland,,,south-holland,,,,E07000140,,32UF,128,,32UF,7000000000005590,E2535,DIS,352,52.78852301,52.78852301,
local-authority-eng,,SHR,,local-authority-eng:SHR,,UA,Unitary authority,,Shropshire Council,Shropshire,Shropshire UA,,shropshire,2009-04-01 00:00:00,,,E06000051,,893,354,00-GG,00GG,7000000000043820,E3202,UTA,341,52.63490144,52.63490144,
local-authority-eng,,SKE,,local-authority-eng:SKE,,NMD,Non-metropolitan district,LIN,South Kesteven District Council,South Kesteven,,,south-kesteven,,,,E07000141,,32UG,129,,32UG,7000000000005550,E2536,DIS,638,52.85429107,52.85429107,
local-authority-eng,,SKP,,local-authority-eng:SKP,,MD,Metropolitan district,,Stockport Metropolitan Borough Council,Stockport,,,stockport,2005-05-27 00:00:00,,,E08000007,,356,286,00-BS,00BS,7000000000018750,E4207,MTD,375,53.39396135,53.39396135,
local-authority-eng,,SLA,,local-authority-eng:SLA,,NMD,Non-metropolitan district,CMA,South Lakeland District Council,South Lakeland,,,south-lakeland,,,,E07000031,,16UG,130,,16UG,7000000000012930,E0936,DIS,353,54.31247585,54.31247585,
local-authority-eng,,SLF,,local-authority-eng:SLF,,MD,Metropolitan district,,Salford City Council,Salford,,,salford,2005-05-27 00:00:00,,,E08000006,,355,279,00-BR,00BR,7000000000018800,E4206,MTD,330,53.48953889,53.48953889,
local-authority-eng,,SLG,,local-authority-eng:SLG,,UA,Unitary authority,,Slough Borough Council,Slough,Slough UA,,slough,1998-04-01 00:00:00,,,E06000039,,871,376,00-MD,00MD,7000000000038890,E0304,UTA,342,51.50839943,51.50839943,
local-authority-eng,,SND,,local-authority-eng:SND,,MD,Metropolitan district,,Sunderland City Council,Sunderland,,,sunderland,2005-05-27 00:00:00,,,E08000024,,394,287,00-CM,00CM,7000000000009730,E4505,MTD,383,54.87992598,54.87992598,
local-authority-eng,,SNO,,local-authority-eng:SNO,,NMD,Non-metropolitan district,NFK,South Norfolk District Council,South Norfolk,,,south-norfolk,,,,E07000149,,33UH,131,,33UH,7000000000006720,E2637,DIS,355,52.51455707,52.51455707,
local-authority-eng,,SNR,,local-authority-eng:SNR,,NMD,Non-metropolitan district,NTH,South Northamptonshire Council,South Northamptonshire,,,south-northamptonshire,,,,E07000155,,34UG,132,,34UG,7000000000007300,E2836,DIS,356,52.12265154,52.12265154,
local-authority-eng,,SOL,,local-authority-eng:SOL,,MD,Metropolitan district,,Solihull Metropolitan Borough Council,Solihull,,,solihull,2005-05-27 00:00:00,,,E08000029,,334,283,00-CT,00CT,7000000000000000,E4605,MTD,343,52.41311662,52.41311662,
local-authority-eng,,SOM,,local-authority-eng:SOM,,CTY,County,,Somerset County Council,Somerset,,,somerset,,,,E10000027,,933,21,40-00,40,7000000000010570,E3320,CTY,344,,,
local-authority-eng,,SOS,,local-authority-eng:SOS,,UA,Unitary authority,,Southend-on-Sea Borough Council,Southend-on-Sea,Southend-on-Sea UA,Southend UA,southend-on-sea,2005-06-20 00:00:00,,,E06000033,,882,378,00-KF,00KF,7000000000038900,E1501,UTA,364,51.54773073,51.54773073,
local-authority-eng,,SOX,,local-authority-eng:SOX,,NMD,Non-metropolitan district,OXF,South Oxfordshire District Council,South Oxfordshire,,,south-oxfordshire,,,,E07000179,,38UD,133,,38UD,7000000000008250,E3133,DIS,357,51.63374938,51.63374938,
local-authority-eng,,SPE,,local-authority-eng:SPE,,NMD,Non-metropolitan district,SRY,Spelthorne Borough Council,Spelthorne,,,spelthorne,,,,E07000213,,43UH,137,,43UH,7000000000014160,E3637,DIS,366,51.42480255,51.42480255,
local-authority-eng,,SRI,,local-authority-eng:SRI,,NMD,Non-metropolitan district,LAN,South Ribble Borough Council,South Ribble,,,south-ribble,,,,E07000126,,30UN,134,,30UN,7000000000004830,E2342,DIS,358,53.7279907,53.7279907,
local-authority-eng,,SRY,,local-authority-eng:SRY,,CTY,County,,Surrey County Council,Surrey,,,surrey,,,,E10000030,,936,24,43-00,43,7000000000013960,E3620,CTY,384,,,
local-authority-eng,,SSO,,local-authority-eng:SSO,,NMD,Non-metropolitan district,SOM,South Somerset District Council,South Somerset,,,south-somerset,,,,E07000189,,40UD,135,,40UD,7000000000010490,E3334,DIS,360,50.98814842,50.98814842,
local-authority-eng,,SST,,local-authority-eng:SST,,NMD,Non-metropolitan district,STS,South Staffordshire Council,South Staffordshire,,,south-staffordshire,,,,E07000196,,41UF,136,,41UF,7000000000014850,E3435,DIS,361,52.62539597,52.62539597,
local-authority-eng,,STA,,local-authority-eng:STA,,NMD,Non-metropolitan district,STS,Stafford Borough Council,Stafford,,,stafford,,,,E07000197,,41UG,407,,41UG,7000000000014890,E3436,DIS,370,52.84815352,52.84815352,
local-authority-eng,,STE,,local-authority-eng:STE,,UA,Unitary authority,,Stoke-on-Trent City Council,Stoke-on-Trent,Stoke-On-Trent UA,,stoke-on-trent,2005-06-20 00:00:00,,,E06000021,,861,357,00-GL,00GL,7000000000038400,E3401,UTA,377,53.01801916,53.01801916,
local-authority-eng,,STF,,local-authority-eng:STF,,NMD,Non-metropolitan district,SFK,Staffordshire Moorlands District Council,Staffordshire Moorlands,,,staffordshire-moorlands,,,,E07000198,,41UH,139,,41UH,7000000000015060,E3437,DIS,372,53.0793149,53.0793149,
local-authority-eng,,STH,,local-authority-eng:STH,,UA,Unitary authority,,Southampton City Council,Southampton,Southampton UA,,southampton,2005-06-19 00:00:00,,,E06000045,,852,377,00-MS,00MS,7000000000037250,E1702,UTA,363,50.91991397,50.91991397,
local-authority-eng,,STN,,local-authority-eng:STN,,LBO,London borough,GLA,London Borough of Sutton,Sutton,,,sutton,,,,E09000029,,319,254,,00BF,7000000000010870,E5048,LBO,386,51.36208887,51.36208887,
local-authority-eng,,STO,,local-authority-eng:STO,,NMD,Non-metropolitan district,GLS,Stroud District Council,Stroud,,,stroud,,,,E07000082,,23UF,212,,23UF,7000000000020570,E1635,DIS,380,51.72849625,51.72849625,
local-authority-eng,,STR,,local-authority-eng:STR,,NMD,Non-metropolitan district,WAR,Stratford-on-Avon District Council,Stratford-on-Avon,,,stratford-on-avon,,,,E07000221,,44UE,140,,44UE,7000000000009940,E3734,DIS,379,52.17878574,52.17878574,
local-authority-eng,,STS,,local-authority-eng:STS,,CTY,County,,Staffordshire County Council,Staffordshire,,,staffordshire,,,,E10000028,,860,22,41-00,41,7000000000015050,E3421,CTY,371,,,
local-authority-eng,,STT,,local-authority-eng:STT,,UA,Unitary authority,,Stockton-on-Tees Borough Council,Stockton-on-Tees,Stockton-On-Tees UA,Stockton On Tees UA,stockton-on-tees,2005-06-18 00:00:00,,,E06000004,,808,356,00-EF,00EF,7000000000025580,E0704,UTA,376,54.56157849,54.56157849,
local-authority-eng,,STV,,local-authority-eng:STV,,NMD,Non-metropolitan district,KEN,Stevenage Borough Council,Stevenage,,,stevenage,,,,E07000243,E07000101,26UH,211,,26UH,7000000000003740,E1937,DIS,373,51.90433536,51.90433536,
local-authority-eng,,STY,,local-authority-eng:STY,,MD,Metropolitan district,,South Tyneside Council,South Tyneside,,,south-tyneside,1974-04-01 00:00:00,,,E08000023,,393,284,00-CL,00CL,7000000000009680,E4504,MTD,362,54.96274628,54.96274628,
local-authority-eng,,SUF,,local-authority-eng:SUF,,NMD,Non-metropolitan district,SFK,Suffolk Coastal District Council,Suffolk Coastal,,,suffolk-coastal,,2019-03-31 00:00:00,ESK,E07000205,,42UG,141,,42UG,7000000000015500,E3536,DIS,381,52.16501785,52.16501785,
local-authority-eng,,SUR,,local-authority-eng:SUR,,NMD,Non-metropolitan district,SRY,Surrey Heath Borough Council,Surrey Heath,,,surrey-heath,,,,E07000214,,43UJ,142,,43UJ,7000000000014060,E3638,DIS,385,51.34292839,51.34292839,
local-authority-eng,,SWD,,local-authority-eng:SWD,,UA,Unitary authority,,Swindon Borough Council,Swindon,Swindon UA,,swindon,2005-06-20 00:00:00,,,E06000030,,866,379,00-HX,00HX,7000000000038140,E3901,UTA,389,51.57151811,51.57151811,
local-authority-eng,,SWK,,local-authority-eng:SWK,,LBO,London borough,GLA,London Borough of Southwark,Southwark,,,southwark,,,,E09000028,,210,253,,00BE,7000000000011010,E5019,LBO,365,51.47313751,51.47313751,
local-authority-eng,,SWL,,local-authority-eng:SWL,,NMD,Non-metropolitan district,LAN,Swale Borough Council,Swale,,,swale,,,,E07000113,,29UM,143,,29UM,7000000000018240,E2241,DIS,387,51.33565918,51.33565918,
local-authority-eng,,TAM,,local-authority-eng:TAM,,MD,Metropolitan district,,Tameside Metropolitan Borough Council,Tameside,,,tameside,1974-04-01 00:00:00,,,E08000008,,357,288,00-BT,00BT,7000000000018700,E4208,MTD,641,53.47747194,53.47747194,
local-authority-eng,,TAN,,local-authority-eng:TAN,,NMD,Non-metropolitan district,WAR,Tandridge District Council,Tandridge,,,tandridge,,,,E07000215,,43UK,214,,43UK,7000000000013870,E3639,DIS,391,51.22703214,51.22703214,
local-authority-eng,,TAU,,local-authority-eng:TAU,,NMD,Non-metropolitan district,SOM,Taunton Deane Borough Council,Taunton Deane,,,taunton-deane,,2019-03-31 00:00:00,SWT,E07000190,,40UE,144,,40UE,7000000000010370,E3333,DIS,392,51.0105146,51.0105146,
local-authority-eng,,TAW,,local-authority-eng:TAW,,NMD,Non-metropolitan district,STS,Tamworth Borough Council,Tamworth,,,tamworth,,,,E07000199,,41UK,213,,41UK,7000000000014720,E3439,DIS,390,52.62642825,52.62642825,
local-authority-eng,,TEI,,local-authority-eng:TEI,,NMD,Non-metropolitan district,DOR,Teignbridge District Council,Teignbridge,,,teignbridge,,,,E07000045,,18UH,145,,18UH,7000000000022880,E1137,DIS,394,50.60655071,50.60655071,
local-authority-eng,,TEN,,local-authority-eng:TEN,,NMD,Non-metropolitan district,GLS,Tendring District Council,Tendring,,,tendring,,,,E07000076,,22UN,146,,22UN,7000000000019540,E1542,DIS,396,51.87034147,51.87034147,
local-authority-eng,,TES,,local-authority-eng:TES,,NMD,Non-metropolitan district,HRT,Test Valley Borough Council,Test Valley,,,test-valley,,,,E07000093,,24UN,147,,24UN,7000000000043510,E1742,DIS,397,51.12844502,51.12844502,
local-authority-eng,,TEW,,local-authority-eng:TEW,,NMD,Non-metropolitan district,GLS,Tewkesbury Borough Council,Tewkesbury,,,tewkesbury,,,,E07000083,,23UG,148,,23UG,7000000000020380,E1636,DIS,398,51.94573844,51.94573844,
local-authority-eng,,TFW,,local-authority-eng:TFW,,UA,Unitary authority,,Telford & Wrekin Council,Telford and Wrekin,Telford and the Wrekin UA,Telford & Wrekin UA,telford-and-wrekin,2005-06-20 00:00:00,,,E06000020,,894,358,00-GF,00GF,7000000000038850,E3201,UTA,395,52.73019499,52.73019499,
local-authority-eng,,THA,,local-authority-eng:THA,,NMD,Non-metropolitan district,LAN,Thanet District Council,Thanet,,,thanet,,,,E07000114,,29UN,149,,29UN,7000000000018130,E2242,DIS,399,51.35434811,51.35434811,
local-authority-eng,,THE,,local-authority-eng:THE,,NMD,Non-metropolitan district,HRT,Three Rivers District Council,Three Rivers,,,three-rivers,,,,E07000102,,26UJ,215,,26UJ,7000000000003820,E1938,DIS,400,51.66096647,51.66096647,
local-authority-eng,,THR,,local-authority-eng:THR,,UA,Unitary authority,,Thurrock Council,Thurrock,Thurrock UA,,thurrock,2005-06-20 00:00:00,,,E06000034,,883,380,00-KG,00KG,7000000000038860,E1502,UTA,401,51.50910919,51.50910919,
local-authority-eng,,TOB,,local-authority-eng:TOB,,UA,Unitary authority,,Torbay Council,Torbay,Torbay UA,,torbay,2005-06-20 00:00:00,,,E06000027,,880,359,00-HH,00HH,7000000000038880,E1102,UTA,403,50.44172375,50.44172375,
local-authority-eng,,TON,,local-authority-eng:TON,,NMD,Non-metropolitan district,KEN,Tonbridge and Malling Borough Council,Tonbridge and Malling,Tonbridge & Malling,,tonbridge-and-malling,,,,E07000115,,29UP,150,,29UP,7000000000018340,E2243,DIS,402,51.27341649,51.27341649,
local-authority-eng,,TOR,,local-authority-eng:TOR,,NMD,Non-metropolitan district,DEV,Torridge District Council,Torridge,,,torridge,,,,E07000046,,18UK,151,,18UK,7000000000022970,E1139,DIS,642,50.88593951,50.88593951,
local-authority-eng,,TRF,,local-authority-eng:TRF,,MD,Metropolitan district,,Trafford Metropolitan Borough Council,Trafford,,,trafford,1974-04-01 00:00:00,,,E08000009,,358,289,00-BU,00BU,7000000000018780,E4209,MTD,406,53.41899619,53.41899619,
local-authority-eng,,TUN,,local-authority-eng:TUN,,NMD,Non-metropolitan district,KEN,Tunbridge Wells Borough Council,Tunbridge Wells,,,tunbridge-wells,,,,E07000116,,29UQ,216,,29UQ,7000000000018650,E2244,DIS,407,51.11439773,51.11439773,
local-authority-eng,,TWH,,local-authority-eng:TWH,,LBO,London borough,GLA,London Borough of Tower Hamlets,Tower Hamlets,,,tower-hamlets,,,,E09000030,,211,255,,00BG,7000000000011180,E5020,LBO,405,51.51716326,51.51716326,
local-authority-eng,,UTT,,local-authority-eng:UTT,,NMD,Non-metropolitan district,GLS,Uttlesford District Council,Uttlesford,,,uttlesford,,,,E07000077,,22UQ,152,,22UQ,7000000000020030,E1544,DIS,409,51.9346003,51.9346003,
local-authority-eng,,VAL,,local-authority-eng:VAL,,NMD,Non-metropolitan district,OXF,Vale of White Horse District Council,Vale of White Horse,,,vale-of-white-horse,,,,E07000180,,38UE,153,,38UE,7000000000008430,E3134,DIS,411,51.63423284,51.63423284,
local-authority-eng,,WAE,,local-authority-eng:WAE,,NMD,Non-metropolitan district,WAR,Waverley Borough Council,Waverley,,,waverley,,,,E07000216,,43UL,156,,43UL,7000000000014110,E3640,DIS,420,51.14982919,51.14982919,
local-authority-eng,,WAR,,local-authority-eng:WAR,,CTY,County,,Warwickshire County Council,Warwickshire,,,warwickshire,,,,E10000031,,937,25,44-00,44,7000000000010040,E3720,CTY,417,,,
local-authority-eng,,WAT,,local-authority-eng:WAT,,NMD,Non-metropolitan district,HRT,Watford Borough Council,Watford,,,watford,,,,E07000103,,26UK,217,,26UK,7000000000003790,E1939,DIS,418,51.66810671,51.66810671,
local-authority-eng,,WAV,,local-authority-eng:WAV,,NMD,Non-metropolitan district,SFK,Waveney District Council,Waveney,,,waveney,,2019-03-31 00:00:00,ESK,E07000206,,42UH,155,,42UH,7000000000015440,E3537,DIS,419,52.41874863,52.41874863,
local-authority-eng,,WAW,,local-authority-eng:WAW,,NMD,Non-metropolitan district,WAR,Warwick District Council,Warwick,,,warwick,,,,E07000222,,44UF,154,,44UF,7000000000043510,E3735,DIS,644,52.31000277,52.31000277,
local-authority-eng,,WBK,,local-authority-eng:WBK,,UA,Unitary authority,,West Berkshire Council,West Berkshire,West Berkshire UA,,west-berkshire,2005-06-20 00:00:00,,,E06000037,,869,361,00-MB,00MB,7000000000038890,E0302,UTA,425,51.44962858,51.44962858,
local-authority-eng,,WDE,,local-authority-eng:WDE,,NMD,Non-metropolitan district,DEV,West Devon Borough Council,West Devon,,,west-devon,,,,E07000047,,18UL,159,,18UL,7000000000022760,E1140,DIS,426,50.65672821,50.65672821,
local-authority-eng,,WDO,,local-authority-eng:WDO,,NMD,Non-metropolitan district,DOR,West Dorset District Council,West Dorset,,,west-dorset,,2019-03-31 00:00:00,DST,E07000052,,19UH,404,,19UH,7000000000014530,E1237,DIS,427,50.78524865,50.78524865,
local-authority-eng,,WEA,,local-authority-eng:WEA,,NMD,Non-metropolitan district,ESX,Wealden District Council,Wealden,,,wealden,,,,E07000065,,21UH,157,,21UH,7000000000002670,E1437,DIS,421,50.96763291,50.96763291,
local-authority-eng,,WEL,,local-authority-eng:WEL,,NMD,Non-metropolitan district,NTH,Wellingborough Borough Council,Wellingborough,,,wellingborough,,,,E07000156,,34UH,158,,34UH,7000000000007350,E2837,DIS,423,52.28778462,52.28778462,
local-authority-eng,,WEW,,local-authority-eng:WEW,,NMD,Non-metropolitan district,HRT,Welwyn Hatfield Borough Council,Welwyn Hatfield,,,welwyn-hatfield,,,,E07000241,E07000104,26UL,218,,26UL,7000000000003720,E1940,DIS,424,51.76688883,51.76688883,
local-authority-eng,,WEY,,local-authority-eng:WEY,,NMD,Non-metropolitan district,DOR,Weymouth and Portland Borough Council,Weymouth and Portland,Weymouth & Portland,,weymouth-and-portland,,2019-03-31 00:00:00,DST,E07000053,,19UJ,221,,19UJ,7000000000014500,E1238,DIS,434,50.61025007,50.61025007,
local-authority-eng,,WFT,,local-authority-eng:WFT,,LBO,London borough,GLA,London Borough of Waltham Forest,Waltham Forest,,,waltham-forest,,,,E09000031,,320,256,,00BH,7000000000011210,E5049,LBO,414,51.59402206,51.59402206,
local-authority-eng,,WGN,,local-authority-eng:WGN,,MD,Metropolitan district,,Wigan Metropolitan Borough Council,Wigan,,,wigan,1974-04-01 00:00:00,,,E08000010,,359,292,00-BW,00BW,7000000000018860,E4210,MTD,435,53.52414926,53.52414926,
local-authority-eng,,WIL,,local-authority-eng:WIL,,UA,Unitary authority,,Wiltshire Council,Wiltshire,Wiltshire UA,,wiltshire,2009-04-01 00:00:00,,,E06000054,,865,362,00-HY,00HY,7000000000043920,E3902,UTA,436,51.29711581,51.29711581,
local-authority-eng,,WIN,,local-authority-eng:WIN,,NMD,Non-metropolitan district,HAM,Winchester City Council,Winchester,,,winchester,,,,E07000094,,24UP,222,,24UP,7000000000017750,E1743,DIS,437,51.02818127,51.02818127,
local-authority-eng,,WKF,,local-authority-eng:WKF,,MD,Metropolitan district,,Wakefield Metropolitan District Council,Wakefield,,,wakefield,1974-04-01 00:00:00,,,E08000036,,384,290,00-DB,00DB,7000000000016750,E4705,MTD,412,53.66067509,53.66067509,
local-authority-eng,,WLA,,local-authority-eng:WLA,,NMD,Non-metropolitan district,LAN,West Lancashire Borough Council,West Lancashire,,,west-lancashire,,,,E07000127,,30UP,219,,30UP,7000000000004910,E2343,DIS,429,53.59925127,53.59925127,
local-authority-eng,,WLI,,local-authority-eng:WLI,,NMD,Non-metropolitan district,NFK,West Lindsey District Council,West Lindsey,,,west-lindsey,,,,E07000142,,32UH,160,,32UH,7000000000043520,E2537,DIS,645,53.39277242,53.39277242,
local-authority-eng,,WLL,,local-authority-eng:WLL,,MD,Metropolitan district,,Walsall Metropolitan Borough Council,Walsall,,,walsall,1974-04-01 00:00:00,,,E08000030,,335,291,00-CU,00CU,7000000000000070,E4606,MTD,413,52.59925592,52.59925592,
local-authority-eng,,WLV,,local-authority-eng:WLV,,MD,Metropolitan district,,City of Wolverhampton Council,Wolverhampton,,,wolverhampton,1974-04-01 00:00:00,,,E08000031,,336,294,00-CW,00CW,7000000000000150,E4607,MTD,648,52.58919051,52.58919051,
local-authority-eng,,WND,,local-authority-eng:WND,,LBO,London borough,GLA,London Borough of Wandsworth,Wandsworth,,,wandsworth,,,,E09000032,,212,257,,00BJ,7000000000011120,E5021,LBO,415,51.4513538,51.4513538,
local-authority-eng,,WNM,,local-authority-eng:WNM,,UA,Unitary authority,,Royal Borough of Windsor and Maidenhead,Windsor and Maidenhead,Windsor & Maidenhead UA,,windsor-and-maidenhead,2005-06-20 00:00:00,,,E06000040,,868,363,00-ME,00ME,7000000000038890,E0305,UTA,438,51.48567209,51.48567209,
local-authority-eng,,WOC,,local-authority-eng:WOC,,NMD,Non-metropolitan district,WOR,Worcester City Council,Worcester,,,worcester,,,,E07000237,,47UE,224,,47UE,7000000000003130,E1837,DIS,649,52.19669267,52.19669267,
local-authority-eng,,WOI,,local-authority-eng:WOI,,NMD,Non-metropolitan district,SRY,Woking Borough Council,Woking,,,woking,,,,E07000217,,43UM,223,,43UM,7000000000014190,E3641,DIS,440,51.31387863,51.31387863,
local-authority-eng,,WOK,,local-authority-eng:WOK,,UA,Unitary authority,,Wokingham Borough Council,Wokingham,Wokingham UA,,wokingham,2005-06-20 00:00:00,,,E06000041,,872,381,00-MF,00MF,7000000000038890,E0306,UTA,441,51.42940597,51.42940597,
local-authority-eng,,WOR,,local-authority-eng:WOR,,CTY,County,,Worcestershire County Council,Worcestershire,,,worcestershire,,,,E10000034,,885,27,47-00,47,7000000000002990,E1821,CTY,442,,,
local-authority-eng,,WOT,,local-authority-eng:WOT,,NMD,Non-metropolitan district,WSX,Worthing Borough Council,Worthing,,,worthing,2005-06-25 00:00:00,,,E07000229,,45UH,225,,45UH,7000000000016260,E3837,DIS,443,50.83004592,50.83004592,
local-authority-eng,,WOX,,local-authority-eng:WOX,,NMD,Non-metropolitan district,OXF,West Oxfordshire District Council,West Oxfordshire,,,west-oxfordshire,,,,E07000181,,38UF,220,,38UF,7000000000008570,E3135,DIS,646,51.83756981,51.83756981,
local-authority-eng,,WRL,,local-authority-eng:WRL,,MD,Metropolitan district,,Wirral Borough Council,Wirral,,,wirral,1974-04-01 00:00:00,,,E08000015,,344,293,00-CB,00CB,7000000000006060,E4305,MTD,439,53.36328519,53.36328519,
local-authority-eng,,WRT,,local-authority-eng:WRT,,UA,Unitary authority,,Warrington Borough Council,Warrington,Warrington UA,,warrington,2005-06-20 00:00:00,,,E06000007,,877,360,00-EU,00EU,7000000000038840,E0602,UTA,416,53.39909786,53.39909786,
local-authority-eng,,WSM,,local-authority-eng:WSM,,LBO,London borough,GLA,City of Westminster,Westminster,,,westminster,,,,E09000033,,213,258,,00BK,7000000000003920,E5022,LBO,433,51.5138977,51.5138977,
local-authority-eng,,WSO,,local-authority-eng:WSO,,NMD,Non-metropolitan district,SOM,West Somerset District Council,West Somerset,,,west-somerset,,2019-03-31 00:00:00,SWT,E07000191,,40UF,161,,40UF,7000000000010680,E3335,DIS,647,51.13186111,51.13186111,
local-authority-eng,,WSX,,local-authority-eng:WSX,,CTY,County,,West Sussex County Council,West Sussex,,,west-sussex,,,,E10000032,,938,26,45-00,45,7000000000016410,E3820,CTY,431,,,
local-authority-eng,,WYC,,local-authority-eng:WYC,,NMD,Non-metropolitan district,WOR,Wychavon District Council,Wychavon,,,wychavon,,,,E07000238,,47UF,162,,47UF,7000000000003120,E1838,DIS,445,52.16418731,52.16418731,
local-authority-eng,,WYE,,local-authority-eng:WYE,,NMD,Non-metropolitan district,WOR,Wyre Forest District Council,Wyre Forest,,,wyre-forest,,,,E07000239,,47UG,226,,47UG,7000000000003210,E1839,DIS,448,52.37957654,52.37957654,
local-authority-eng,,WYO,,local-authority-eng:WYO,,NMD,Non-metropolitan district,BKM,Wycombe District Council,Wycombe,,,wycombe,,,,E07000007,,11UF,163,,11UF,7000000000011880,E0435,DIS,446,51.64919363,51.64919363,
local-authority-eng,,WYR,,local-authority-eng:WYR,,NMD,Non-metropolitan district,LAN,Wyre Borough Council,Wyre,,,wyre,,,,E07000128,,30UQ,164,,30UQ,7000000000004920,E2344,DIS,447,53.89711161,53.89711161,
local-authority-eng,,YOR,,local-authority-eng:YOR,,UA,Unitary authority,,City of York Council,York,York UA,,york,2005-06-18 00:00:00,,,E06000014,,816,364,00-FF,00FF,7000000000025590,E2701,UTA,129,53.95874123,53.95874123,
local-authority-nir,,ABC,,local-authority-nir:ABC,,,,,"Armagh City, Banbridge and Craigavon Borough Council","Armagh City, Banbridge and Craigavon",,,armagh-banbridge-craigavon,2015-04-01 00:00:00,,,N09000002,,,1002,95-OQN,,,,,54906,,,
local-authority-nir,,AND,,local-authority-nir:AND,,,,,Ards and North Down Borough Council,Ards and North Down,,,ards-and-north-down,2015-04-01 00:00:00,,,N09000011,,,1011,95-WX,,,,,54914,,,
local-authority-nir,,ANN,,local-authority-nir:ANN,,,,,Antrim and Newtownabbey Borough Council,Antrim and Newtownabbey,,,antrim-newtownabbey,2015-04-01 00:00:00,,,N09000001,,,1001,95-TU,,,,,54905,,,
local-authority-nir,,BFS,,local-authority-nir:BFS,,,,,Belfast City Council,Belfast,,,belfast,2015-04-01 00:00:00,,,N09000003,,,1003,95-Z,95Z,,,,68,,,
local-authority-nir,,CCG,,local-authority-nir:CCG,,,,,Causeway Coast and Glens Borough Council,Causeway Coast and Glens,,,causeway-coast-and-glens,2015-04-01 00:00:00,,,N09000004,,,1004,95-BCDE,,,,,54907,,,
local-authority-nir,,DRS,,local-authority-nir:DRS,,,,,Derry City and Strabane District Council,Derry City and Strabane,,,derry-strabane,2015-04-01 00:00:00,,,N09000005,,,1005,95-AJ,,,,,54908,,,
local-authority-nir,,FMO,,local-authority-nir:FMO,,,,,Fermanagh and Omagh District Council,Fermanagh and Omagh,,,fermanagh-omagh,2015-04-01 00:00:00,,,N09000006,,,1006,95-LK,,,,,54909,,,
local-authority-nir,,LBC,,local-authority-nir:LBC,,,,,Lisburn and Castlereagh City Council,Lisburn and Castlereagh,,,lisburn-castlereagh,2015-04-01 00:00:00,,,N09000007,,,1007,95-SY,,,,,54910,,,
local-authority-nir,,MEA,,local-authority-nir:MEA,,,,,Mid and East Antrim Borough Council,Mid and East Antrim,,,mid-and-east-antrim,2015-04-01 00:00:00,,,N09000008,,,1008,95-FGV,,,,,54911,,,
local-authority-nir,,MUL,,local-authority-nir:MUL,,,,,Mid Ulster District Council,Mid Ulster,Mid-Ulster District Council,,mid-ulster,2015-04-01 00:00:00,,,N09000009,,,1009,95-HIM,,,,,54912,,,
local-authority-nir,,NIR-A,,local-authority-nir:NIR-A,,,,,Derry City Council,Derry,,,,,2015-03-31 00:00:00,,,,,,,95A,,,,,,,
local-authority-nir,,NIR-B,,local-authority-nir:NIR-B,,,,,Limavady Borough Council,Limavady,,,,,2015-03-31 00:00:00,,,,,,,95B,,,,,,,
local-authority-nir,,NIR-C,,local-authority-nir:NIR-C,,,,,Coleraine Borough Council,Coleraine,,,,,2015-03-31 00:00:00,,,,,,,95C,,,,,,,
local-authority-nir,,NIR-D,,local-authority-nir:NIR-D,,,,,Ballymoney Borough Council,Ballymoney,,,,,2015-03-31 00:00:00,,,,,,,95D,,,,,,,
local-authority-nir,,NIR-E,,local-authority-nir:NIR-E,,,,,Moyle District Council,Moyle,,,,,2015-03-31 00:00:00,,,,,,,95E,,,,,,,
local-authority-nir,,NIR-F,,local-authority-nir:NIR-F,,,,,Larne Borough Council,Larne,,,,,2015-03-31 00:00:00,,,,,,,95F,,,,,,,
local-authority-nir,,NIR-G,,local-authority-nir:NIR-G,,,,,Ballymena Borough Council,Ballymena,,,,,2015-03-31 00:00:00,,,,,,,95G,,,,,,,
local-authority-nir,,NIR-H,,local-authority-nir:NIR-H,,,,,Magherafelt District Council,Magherafelt,,,,,2015-03-31 00:00:00,,,,,,,95H,,,,,,,
local-authority-nir,,NIR-I,,local-authority-nir:NIR-I,,,,,Cookstown District Council,Cookstown,,,,,2015-03-31 00:00:00,,,,,,,95I,,,,,,,
local-authority-nir,,NIR-J,,local-authority-nir:NIR-J,,,,,Strabane District Council,Strabane,,,,,2015-03-31 00:00:00,,,,,,,95J,,,,,,,
local-authority-nir,,NIR-K,,local-authority-nir:NIR-K,,,,,Omagh District Council,Omagh,,,,,2015-03-31 00:00:00,,,,,,,95K,,,,,,,
local-authority-nir,,NIR-L,,local-authority-nir:NIR-L,,,,,Fermanagh District Council,Fermanagh,,,,,2015-03-31 00:00:00,,,,,,,95L,,,,,,,
local-authority-nir,,NIR-M,,local-authority-nir:NIR-M,,,,,Dungannon and South Tyrone Borough Council,Dungannon and South Tyrone,,,,,2015-03-31 00:00:00,,,,,,,95M,,,,,,,
local-authority-nir,,NIR-N,,local-authority-nir:NIR-N,,,,,Craigavon Borough Council,Craigavon,,,,,2015-03-31 00:00:00,,,,,,,95N,,,,,,,
local-authority-nir,,NIR-O,,local-authority-nir:NIR-O,,,,,Armagh City and District Council,Armagh City,,,,,2015-03-31 00:00:00,,,,,,,95O,,,,,,,
local-authority-nir,,NIR-P,,local-authority-nir:NIR-P,,,,,Newry and Mourne District Council,Newry and Mourne,,,,,2015-03-31 00:00:00,,,,,,,95P,,,,,,,
local-authority-nir,,NIR-Q,,local-authority-nir:NIR-Q,,,,,Banbridge District Council,Banbridge,,,,,2015-03-31 00:00:00,,,,,,,95Q,,,,,,,
local-authority-nir,,NIR-R,,local-authority-nir:NIR-R,,,,,Down District Council,Down,,,,,2015-03-31 00:00:00,,,,,,,95R,,,,,,,
local-authority-nir,,NIR-S,,local-authority-nir:NIR-S,,,,,Lisburn City Council,Lisburn,,,,,2015-03-31 00:00:00,,,,,,,95S,,,,,,,
local-authority-nir,,NIR-T,,local-authority-nir:NIR-T,,,,,Antrim Borough Council,Antrim,,,,,2015-03-31 00:00:00,,,,,,,95T,,,,,,,
local-authority-nir,,NIR-U,,local-authority-nir:NIR-U,,,,,Newtownabbey Borough Council,Newtownabbey,,,,,2015-03-31 00:00:00,,,,,,,95U,,,,,,,
local-authority-nir,,NIR-V,,local-authority-nir:NIR-V,,,,,Carrickfergus Borough Council,Carrickfergus,,,,,2015-03-31 00:00:00,,,,,,,95V,,,,,,,
local-authority-nir,,NIR-W,,local-authority-nir:NIR-W,,,,,North Down Borough Council,North Down,,,,,2015-03-31 00:00:00,,,,,,,95W,,,,,,,
local-authority-nir,,NIR-X,,local-authority-nir:NIR-X,,,,,Ards Borough Council,Ards,,,,,2015-03-31 00:00:00,,,,,,,95X,,,,,,,
local-authority-nir,,NIR-Y,,local-authority-nir:NIR-Y,,,,,Castlereagh Borough Council,Castlereagh,,,,,2015-03-31 00:00:00,,,,,,,95Y,,,,,,,
local-authority-nir,,NMD,,local-authority-nir:NMD,,,,,"Newry, Mourne and Down District Council","Newry, Mourne and Down ",,,newry-mourne-down,2015-04-01 00:00:00,,,N09000010,,,1010,95-PR,,,,,54913,,,
local-authority-sct,,ABD,,local-authority-sct:ABD,,,,,Aberdeenshire Council,Aberdeenshire,,,aberdeenshire,2005-06-18 00:00:00,,,S12000034,,,296,00-QB,00QB,7000000000030110,,,40,57.24072675,57.24072675,
local-authority-sct,,ABE,,local-authority-sct:ABE,,,,,Aberdeen City Council,Aberdeen City,,,aberdeen,2005-06-18 00:00:00,,,S12000033,,,295,00-QA,00QA,7000000000030420,,,39,57.15713567,57.15713567,
local-authority-sct,,AGB,,local-authority-sct:AGB,,,,,Argyll and Bute Council,Argyll and Bute,,,argyll-and-bute,2005-06-18 00:00:00,,,S12000035,,,298,00-QD,00QD,7000000000030100,,,48,56.12168153,56.12168153,
local-authority-sct,,ANS,,local-authority-sct:ANS,,,,,Angus Council,Angus,,,angus,2005-06-18 00:00:00,,,S12000041,,,297,00-QC,00QC,7000000000030210,,,45,56.72465405,56.72465405,
local-authority-sct,,CLK,,local-authority-sct:CLK,,,,,Clackmannanshire Council,Clackmannanshire,,,clackmannanshire,2005-06-18 00:00:00,,,S12000005,,,299,00-QF,00QF,7000000000030410,,,130,56.15207575,56.15207575,
local-authority-sct,,DGY,,local-authority-sct:DGY,,,,,Dumfries and Galloway Council,Dumfries and Galloway,Dumfries & Galloway Council,,dumfries-and-galloway,2005-06-18 00:00:00,,,S12000006,,,300,00-QH,00QH,7000000000031900,,,162,55.07766586,55.07766586,
local-authority-sct,,DND,,local-authority-sct:DND,,,,,Dundee City Council,Dundee City,,,dundee,2005-06-18 00:00:00,,,S12000042,,,301,00-QJ,00QJ,7000000000030210,,,163,56.47798576,56.47798576,
local-authority-sct,,EAY,,local-authority-sct:EAY,,,,,East Ayrshire Council,East Ayrshire,,,east-ayrshire,2005-06-18 00:00:00,,,S12000008,,,302,00-QK,00QK,7000000000043390,,,168,55.48500699,55.48500699,
local-authority-sct,,EDH,,local-authority-sct:EDH,,,,,City of Edinburgh Council,City of Edinburgh,,,edinburgh,2005-06-18 00:00:00,,,S12000036,,,306,00-QP,00QP,7000000000030500,,,185,55.92428279,55.92428279,
local-authority-sct,,EDU,,local-authority-sct:EDU,,,,,East Dunbartonshire Council,East Dunbartonshire,,,east-dunbartonshire,2005-06-18 00:00:00,,,S12000045,S12000009,,303,00-QL,00QL,7000000000030500,,,172,55.95603384,55.95603384,
local-authority-sct,,ELN,,local-authority-sct:ELN,,,,,East Lothian Council,East Lothian,,,east-lothian,2005-06-18 00:00:00,,,S12000010,,,304,00-QM,00QM,7000000000030500,,,176,55.93984736,55.93984736,
local-authority-sct,,ELS,,local-authority-sct:ELS,,,,,Comhairle nan Eilean Siar,Eilean Siar,Western Isles Council,Na h-Eileanan Siar,eilean-siar,2005-06-18 00:00:00,,,S12000013,,,307,00-RJ,00RJ,7000000000030020,,,133,57.92229439,57.92229439,
local-authority-sct,,ERW,,local-authority-sct:ERW,,,,,East Renfrewshire Council,East Renfrewshire,,,east-renfrewshire,2005-06-18 00:00:00,,,S12000011,,,305,00-QN,00QN,7000000000030840,,,178,55.75314016,55.75314016,
local-authority-sct,,FAL,,local-authority-sct:FAL,,,,,Falkirk Council,Falkirk,,,falkirk,2005-06-18 00:00:00,,,S12000014,,,308,00-QQ,00QQ,7000000000030500,,,191,55.99519496,55.99519496,
local-authority-sct,,FIF,,local-authority-sct:FIF,,,,,Fife Council,Fife,,,fife,2005-06-18 00:00:00,,,S12000047,S12000015,,309,00-QR,00QR,7000000000030410,,,603,56.2284512,56.2284512,
local-authority-sct,,GLG,,local-authority-sct:GLG,,,,,Glasgow City Council,Glasgow City,,,glasgow,2005-06-18 00:00:00,,,S12000049,"S12000046,S12000043",,310,00-QS,00QS,7000000000030630,,,197,55.85784171,55.85784171,
local-authority-sct,,HLD,,local-authority-sct:HLD,,,,,The Highland Council,Highland,Highland Council,,highland,2005-06-18 00:00:00,,,S12000017,,,311,00-QT,00QT,7000000000029630,,,613,57.57250248,57.57250248,
local-authority-sct,,IVC,,local-authority-sct:IVC,,,,,Inverclyde Council,Inverclyde,,,inverclyde,2005-06-18 00:00:00,,,S12000018,,,312,00-QU,00QU,7000000000030620,,,616,55.90118683,55.90118683,
local-authority-sct,,MLN,,local-authority-sct:MLN,,,,,Midlothian Council,Midlothian,,,midlothian,2005-06-18 00:00:00,,,S12000019,,,313,00-QW,00QW,7000000000030630,,,265,55.83222456,55.83222456,
local-authority-sct,,MRY,,local-authority-sct:MRY,,,,,The Moray Council,Moray,Moray Council,,moray,2005-06-18 00:00:00,,,S12000020,,,314,00-QX,00QX,7000000000029950,,,269,57.47383971,57.47383971,
local-authority-sct,,NAY,,local-authority-sct:NAY,,,,,North Ayrshire Council,North Ayrshire,,,north-ayrshire,2005-06-18 00:00:00,,,S12000021,,,315,00-QY,00QY,7000000000030620,,,624,55.65105277,55.65105277,
local-authority-sct,,NLK,,local-authority-sct:NLK,,,,,North Lanarkshire Council,North Lanarkshire,,,north-lanarkshire,2005-06-18 00:00:00,,,S12000050,S12000044,,316,00-QZ,00QZ,7000000000030500,,,281,55.87475576,55.87475576,
local-authority-sct,,ORK,,local-authority-sct:ORK,,,,,Orkney Islands Council,Orkney Islands,,,orkney-islands,2005-06-18 00:00:00,,,S12000023,,,317,00-RA,00RA,7000000000029960,,,296,59.02429898,59.02429898,
local-authority-sct,,PKN,,local-authority-sct:PKN,,,,,Perth and Kinross Council,Perth and Kinross,,,perth-and-kinross,2005-06-18 00:00:00,,,S12000048,S12000024,,318,00-RB,00RB,7000000000030110,,,302,56.56648793,56.56648793,
local-authority-sct,,RFW,,local-authority-sct:RFW,,,,,Renfrewshire Council,Renfrewshire,,,renfrewshire,2005-06-18 00:00:00,,,S12000038,,,319,00-RC,00RC,7000000000030630,,,315,55.84569069,55.84569069,
local-authority-sct,,SAY,,local-authority-sct:SAY,,,,,South Ayrshire Council,South Ayrshire,,,south-ayrshire,2005-06-18 00:00:00,,,S12000028,,,322,00-RE,00RE,7000000000043390,,,345,55.26723348,55.26723348,
local-authority-sct,,SCB,,local-authority-sct:SCB,,,,,Scottish Borders Council,The Scottish Borders,,,scottish-borders,2005-06-18 00:00:00,,,S12000026,,,320,00-QE,00QE,7000000000036550,,,636,55.5760102,55.5760102,
local-authority-sct,,SLK,,local-authority-sct:SLK,,,,,South Lanarkshire Council,South Lanarkshire,,,south-lanarkshire,2005-06-18 00:00:00,,,S12000029,,,323,00-RF,00RF,7000000000030840,,,354,55.61263861,55.61263861,
local-authority-sct,,STG,,local-authority-sct:STG,,,,,Stirling Council,Stirling,,,stirling,2005-06-18 00:00:00,,,S12000030,,,324,00-RG,00RG,7000000000030500,,,374,56.24409808,56.24409808,
local-authority-sct,,WDU,,local-authority-sct:WDU,,,,,West Dunbartonshire Council,West Dunbartonshire,,,west-dunbartonshire,2005-06-18 00:00:00,,,S12000039,,,325,00-QG,00QG,7000000000036540,,,428,55.98648977,55.98648977,
local-authority-sct,,WLN,,local-authority-sct:WLN,,,,,West Lothian Council,West Lothian,,,west-lothian,2005-06-18 00:00:00,,,S12000040,,,326,00-RH,00RH,7000000000030630,,,430,55.88423446,55.88423446,
local-authority-sct,,ZET,,local-authority-sct:ZET,,,,,Shetland Islands Council,Shetland Islands,,,shetland-islands,2005-06-18 00:00:00,,,S12000027,,,321,00-RD,00RD,7000000000030510,,,339,60.37893551,60.37893551,
principal-local-authority,local-authority-wls,AGY,,principal-local-authority:AGY,local-authority-wls:AGY,,,,Isle of Anglesey County Council,Isle of Anglesey,Sir Ynys Mn,,isle-of-anglesey,1996-04-01 00:00:00,,,W06000001,,,392,00-NA,00NA,7000000000025480,,,222,53.28726307,53.28726307,
principal-local-authority,local-authority-wls,BGE,,principal-local-authority:BGE,local-authority-wls:BGE,,,,Bridgend County Borough Council,Bridgend,Pen-y-bont ar Ogwr,,bridgend,1996-04-01 00:00:00,,,W06000013,,,383,00-PB,00PB,7000000000025490,,,87,51.55692917,51.55692917,
principal-local-authority,local-authority-wls,BGW,,principal-local-authority:BGW,local-authority-wls:BGW,,,,Blaenau Gwent County Borough Council,Blaenau Gwent,Blaenau Gwent,,blaenau-gwent,1996-04-01 00:00:00,,,W06000019,,,382,00-PL,00PL,7000000000025490,,,75,51.76673995,51.76673995,
principal-local-authority,local-authority-wls,CAY,,principal-local-authority:CAY,local-authority-wls:CAY,,,,Caerphilly County Borough Council,Caerphilly,Caerffili,,caerphilly,1996-04-01 00:00:00,,,W06000018,,,384,00-PK,00PK,7000000000025490,,,99,51.65327018,51.65327018,
principal-local-authority,local-authority-wls,CGN,,principal-local-authority:CGN,local-authority-wls:CGN,,,,Ceredigion County Council,Ceredigion,Ceredigion,,ceredigion,1996-04-01 00:00:00,,,W06000008,,,387,00-NQ,00NQ,7000000000025480,,,115,52.2541082,52.2541082,
principal-local-authority,local-authority-wls,CMN,,principal-local-authority:CMN,local-authority-wls:CMN,,,,Carmarthenshire County Council,Carmarthenshire,Sir Gaerfyrddin,,carmarthenshire,1996-04-01 00:00:00,,,W06000010,,,386,00-NU,00NU,7000000000025480,,,109,51.90504927,51.90504927,
principal-local-authority,local-authority-wls,CRF,,principal-local-authority:CRF,local-authority-wls:CRF,,,,City of Cardiff Council,Cardiff,Caerdydd,The City of Cardiff Council,cardiff,1996-04-01 00:00:00,,,W06000015,,,385,00-PT,00PT,7000000000025480,,,107,51.51006134,51.51006134,
principal-local-authority,local-authority-wls,CWY,,principal-local-authority:CWY,local-authority-wls:CWY,,,,Conwy County Borough Council,Conwy,Conwy,,conwy,1996-04-01 00:00:00,,,W06000003,,,388,00-NE,00NE,7000000000025490,,,135,53.13786914,53.13786914,
principal-local-authority,local-authority-wls,DEN,,principal-local-authority:DEN,local-authority-wls:DEN,,,,Denbighshire County Council,Denbighshire,Sir Ddinbych,,denbighshire,1996-04-01 00:00:00,,,W06000004,,,389,00-NG,00NG,7000000000025480,,,152,53.08963447,53.08963447,
principal-local-authority,local-authority-wls,FLN,,principal-local-authority:FLN,local-authority-wls:FLN,,,,Flintshire County Council,Flintshire,Sir y Fflint,,flintshire,1996-04-01 00:00:00,,,W06000005,,,390,00-NJ,00NJ,7000000000025770,,,193,53.20818816,53.20818816,
principal-local-authority,local-authority-wls,GWN,,principal-local-authority:GWN,local-authority-wls:GWN,,,,Gwynedd Council,Gwynedd,Gwynedd,,gwynedd,1996-04-01 00:00:00,,,W06000002,,,391,00-NC,00NC,7000000000025480,,,205,52.89283925,52.89283925,
principal-local-authority,local-authority-wls,MON,,principal-local-authority:MON,local-authority-wls:MON,,,,Monmouthshire County Council,Monmouthshire,Sir Fynwy,,monmouthshire,1996-04-01 00:00:00,,,W06000021,,,394,00-PP,00PP,7000000000025480,,,268,51.76597889,51.76597889,
principal-local-authority,local-authority-wls,MTY,,principal-local-authority:MTY,local-authority-wls:MTY,,,,Merthyr Tydfil County Borough Council,Merthyr Tydfil,Merthyr Tudful,,merthyr-tydfil,1996-04-01 00:00:00,,,W06000024,,,393,00-PH,00PH,7000000000025490,,,258,51.74094176,51.74094176,
principal-local-authority,local-authority-wls,NTL,,principal-local-authority:NTL,local-authority-wls:NTL,,,,Neath Port Talbot County Borough Council,Neath Port Talbot,Castell-nedd Port Talbot,,neath-port-talbot,1996-04-01 00:00:00,,,W06000012,,,395,00-NZ,00NZ,7000000000025490,,,621,51.68148862,51.68148862,
principal-local-authority,local-authority-wls,NWP,,principal-local-authority:NWP,local-authority-wls:NWP,,,,Newport City Council,Newport,Casnewydd,,newport,1996-04-01 00:00:00,,,W06000022,,,396,00-PR,00PR,7000000000044420,,,274,51.57933081,51.57933081,
principal-local-authority,local-authority-wls,PEM,,principal-local-authority:PEM,local-authority-wls:PEM,,,,Pembrokeshire County Council,Pembrokeshire,Sir Benfro,,pembrokeshire,1996-04-01 00:00:00,,,W06000009,,,397,00-NS,00NS,7000000000025490,,,299,51.85560175,51.85560175,
principal-local-authority,local-authority-wls,POW,,principal-local-authority:POW,local-authority-wls:POW,,,,Powys County Council,Powys,Powys,,powys,1996-04-01 00:00:00,,,W06000023,,,398,00-NN,00NN,7000000000025490,,,307,52.32373668,52.32373668,
principal-local-authority,local-authority-wls,RCT,,principal-local-authority:RCT,local-authority-wls:RCT,,,,Rhondda Cynon Taf County Borough Council,Rhondda Cynon Taff,,,rhondda-cynon-taff,1996-04-01 00:00:00,,,W06000016,,,399,00-PF,00PF,7000000000025500,,,317,51.65032802,51.65032802,
principal-local-authority,local-authority-wls,SWA,,principal-local-authority:SWA,local-authority-wls:SWA,,,,City and County of Swansea Council,Swansea,Abertawe,Cityand County of Swansea,swansea,1996-04-01 00:00:00,,,W06000011,,,400,00-NX,00NX,7000000000025490,,,388,51.64347054,51.64347054,
principal-local-authority,local-authority-wls,TOF,,principal-local-authority:TOF,local-authority-wls:TOF,,,,Torfaen County Borough Council,Torfaen,Tor-faen,,torfaen,1996-04-01 00:00:00,,,W06000020,,,401,00-PM,00PM,7000000000044420,,,404,51.69858739,51.69858739,
principal-local-authority,local-authority-wls,VGL,,principal-local-authority:VGL,local-authority-wls:VGL,,,,Vale of Glamorgan Council,The Vale of Glamorgan,Bro Morgannwg,,vale-of-glamorgan,1996-04-01 00:00:00,,,W06000014,,,402,00-PD,00PD,7000000000025500,,,410,51.44576945,51.44576945,
principal-local-authority,local-authority-wls,WRX,,principal-local-authority:WRX,local-authority-wls:WRX,,,,Wrexham County Borough Council,Wrexham,Wrecsam,,wrexham,1996-04-01 00:00:00,,,W06000006,,,403,00-NL,00NL,7000000000025830,,,444,52.990269,52.990269,
local-authority-eng,,BPC,,local-authority-eng:BPC,,UA,,,"Bournemouth, Christchurch and Poole Council","Bournemouth, Christchurch and Poole",Bournemouth Christchurch and Poole,,,2019-04-01 00:00:00,,,E06000058,,,,,,,,,,,,
local-authority-eng,,DST,,local-authority-eng:DST,,UA,,,Dorset Council,Dorset Council,,,,2019-04-01 00:00:00,,,E06000059,,,,,,,,,,,,
local-authority-eng,,SWT,,local-authority-eng:SWT,,NMD,,,Somerset West and Taunton Council,Somerset West and Taunton,Somerset West & Taunton,,,2019-04-01 00:00:00,,,E07000246,,,411,,,,,,,,,
local-authority-eng,,WSK,,local-authority-eng:WSK,,NMD,,,West Suffolk Council,West Suffolk,,,,2019-04-01 00:00:00,,,E07000245,,,410,,,,,,,,,
local-authority-eng,,ESK,,local-authority-eng:ESK,,NMD,,,East Suffolk Council,East Suffolk,,,,2019-04-01 00:00:00,,,E07000244,,,412,,,,,,,,,
